dim_old,dim_new,entropy_old,entropy_new
16,16,0.982525080414431,0.9758488179419421
22,15,0.982479251003309,0.9766397701915259
26,16,0.9827410641304908,0.9774459266262833
24,16,0.9823957139499295,0.9762118384185334
25,16,0.982225590057952,0.9757445086411785
19,15,0.9824570893779606,0.9764621603731725
29,14,0.9831219437767967,0.9761898399703436
29,14,0.9825873466232383,0.9753354215320382
21,14,0.9827900559023274,0.976549268477244
25,18,0.9824812310223343,0.9758813324815995
19,17,0.9831054571141784,0.9768195346702749
21,19,0.9823543707176059,0.9761622572825067
26,19,0.9824304301808754,0.9771584998944829
20,16,0.9823890328407288,0.9764980770532903
22,15,0.983298547282348,0.9762322675993018
22,20,0.9821188587985197,0.9758658544689531
19,15,0.982624696173707,0.9767970734129076
24,21,0.9829187782238635,0.9765515443481956
26,18,0.9825971686091467,0.9767207094462991
20,17,0.9824698449841769,0.975786279636716
19,15,0.9828577885087463,0.9763091576664044
24,18,0.9828485810097337,0.9755760487936918
17,15,0.982462619945896,0.9763128678676717
19,19,0.9824870384821752,0.9764376859082649
27,20,0.9830704186202924,0.9757470255315907
28,17,0.9827361715322073,0.9763225655784763
27,16,0.982448291712218,0.9764686242776319
21,15,0.9825437157059693,0.9765182830543736
23,19,0.9828178546533367,0.9771060107591785
15,17,0.9826317839545371,0.9764446595397308
25,14,0.9827452200213587,0.9765747506975969
22,18,0.9828965150741961,0.9762685453314314
21,20,0.9826263363963688,0.9767601076975201
24,16,0.9828649124465471,0.9762817111417591
26,20,0.9831529207056402,0.9766058746567808
17,15,0.9825391389448388,0.9765667868213829
16,18,0.9825105331656283,0.9764844263954071
19,20,0.9822793917030899,0.9763457666748473
27,18,0.9827729203017832,0.9758923712930974
15,18,0.9824926696744511,0.9763731005241035
17,19,0.9826164123676113,0.9761326303953102
23,19,0.9827385276667473,0.9774863083406905
19,19,0.9820134412884313,0.9763945441765621
24,18,0.983165157774859,0.9762365237531967
22,18,0.9825880527496338,0.9763888485023502
22,17,0.983215148782164,0.9771655234871841
21,18,0.9822519295367388,0.9760670727984571
23,15,0.982990993409921,0.9762875470884469
26,18,0.9826170301101865,0.9769072159105581
27,15,0.9824734554038795,0.9767427778266375
12,19,0.9828833470449299,0.9761867523193359
28,19,0.9823417429752112,0.9767469777054993
19,16,0.9828620297508791,0.9763315147646561
22,13,0.98265121625479,0.9766981463191652
28,16,0.9826573968674486,0.9767252855879873
24,14,0.9821719829274458,0.9764779305378651
26,19,0.9825335478044906,0.976723757163003
24,19,0.9828847377014204,0.9764659831970092
23,17,0.9828748525261772,0.9763626123645099
26,15,0.9820804523780278,0.9765283066899824
23,23,0.9822502572287051,0.9769810852103881
27,19,0.98242737202211,0.9770583891458432
15,18,0.9825537707430467,0.9756343008682531
18,18,0.9827646377787197,0.9765142393433656
19,21,0.9826815631955791,0.9766094059719028
23,17,0.9826842309037449,0.9766233916399548
24,17,0.9826274356111306,0.9770314322778646
23,17,0.982619556119827,0.9765555309526732
29,17,0.9826583354490527,0.9760723441981978
25,18,0.9828462636319202,0.976351153186613
25,18,0.9825034898738688,0.976740526665173
24,17,0.9831673917436758,0.9766882243408116
23,22,0.9824122972792207,0.9765060544013977
24,18,0.9827610951471593,0.9767532231895056
26,18,0.9827551282696004,0.9762878634988712
25,18,0.982775059148161,0.9763999227173549
22,20,0.9825079825742079,0.9767207059133727
25,17,0.9825741144974732,0.9762973773272298
25,16,0.9825086148399482,0.9761838316917419
32,18,0.9828068393721372,0.9762776495223169
33,17,0.9829246727623866,0.9761141905976346
28,19,0.9824157281627465,0.9764746065411478
19,22,0.9823760737172186,0.9763325305474087
23,17,0.9823047424179628,0.9755160968725662
20,19,0.9824881116875612,0.9765423140859941
23,16,0.9819296890410896,0.9765559676541401
18,18,0.9824546986993012,0.9766799995438018
16,19,0.9826566532740622,0.9771051122456446
19,19,0.9824358696418387,0.9763282537460327
28,18,0.9826712784304682,0.9762973238051927
20,20,0.983080679322189,0.9767985874782555
25,17,0.9825720657542522,0.9764775584971329
21,18,0.9821594932993569,0.9761732549661208
19,16,0.9824627991642315,0.9768873300617527
29,17,0.9832280489407648,0.9766117371736843
23,21,0.9826708162985719,0.9764722172452686
15,18,0.982335383916845,0.9766080200879776
26,18,0.9820147272923542,0.9758690181501882
20,16,0.982853303082942,0.976306827935533
30,17,0.9832513877451134,0.9759927134390647
19,17,0.9822857440468504,0.976470104678958
20,13,0.9826471851959855,0.9760287095655629
23,17,0.9829307275515321,0.9763653614044061
25,20,0.9825393170850697,0.9756907362412791
30,17,0.9823006163799886,0.9762527320993192
23,14,0.9827225660207982,0.976657605730091
23,18,0.9826613090641876,0.9758866639510442
25,19,0.983157362841066,0.9760598998698983
25,19,0.9821686744689941,0.9755658173179489
26,17,0.982386550716792,0.9766960612452139
26,19,0.9822931375655474,0.9761497478336645
24,19,0.9826083253079032,0.9765555861475183
28,18,0.9827609007867963,0.9766940266304225
20,19,0.9827833121230765,0.9764700540125834
23,19,0.9822416586615413,0.9756078101278443
20,17,0.9819317555647278,0.9764830005111617
26,20,0.9826195087299109,0.976767927415654
21,17,0.9823551575803843,0.9768639253869289
20,18,0.9824424553307258,0.9764960518288636
18,17,0.9833501721473091,0.9757809209199811
21,16,0.982366321777518,0.975992832987874
21,18,0.9827101414910632,0.9766655939122796
23,18,0.9827441217737433,0.9765372582654828
29,18,0.9826694891119148,0.9759891381688295
18,15,0.9829187053201872,0.976126162730978
22,15,0.9827968042564924,0.9771659425118511
19,18,0.9827413905459218,0.9755426943156384
19,13,0.9827240729321391,0.9770499934933224
24,18,0.9829285045161521,0.9763690174558486
28,17,0.982548617250716,0.9761313706089824
26,20,0.9825497529453535,0.9768179588697483
21,18,0.9824015983570974,0.9765514727680018
25,19,0.9819498796925188,0.9762846577933801
20,17,0.9828122842928901,0.9768412166623057
23,22,0.9827766456062336,0.975791955488213
25,19,0.9825836720157074,0.9771306660194086
26,18,0.9826658226618701,0.9762850102778335
22,18,0.9830189880498895,0.975391732211028
24,17,0.9825162614063019,0.9763439263546567
24,20,0.9828540599043714,0.9764702511578631
20,20,0.983194274477663,0.9760806244228644
23,16,0.9825801897956851,0.9771926781157034
22,17,0.9825566852384526,0.9765189550451611
27,19,0.9825013472865783,0.9771329342040626
22,18,0.9822434920634966,0.9764823327857537
27,18,0.9821859555783727,0.9766056401844094
26,19,0.982246971864097,0.9767526247907143
27,21,0.9828451022543266,0.9766767190428957
24,18,0.9832195854694139,0.9763533991974179
23,16,0.9826073226289312,0.9755079971983692
20,19,0.9824711918059768,0.9763253191691452
19,18,0.9819999105665084,0.9755416160409193
25,23,0.9831377426937399,0.9768367057070199
28,17,0.9824523337137991,0.9769154272335635
26,19,0.9827209997023122,0.9765120334667178
23,17,0.9829164924140159,0.9755768286875839
21,18,0.9826913025725204,0.9771192218692156
21,17,0.9829489184592051,0.9766656756401062
23,18,0.9820227177274722,0.9766182525837919
28,19,0.9825814646852861,0.9763499052139868
24,19,0.9827343298922748,0.9765868112469427
23,18,0.9829835755438989,0.9755663457758412
19,18,0.9827406792374238,0.9763669012122126
23,16,0.9828374979634547,0.9760335772896166
19,19,0.9828836764675851,0.9767905821924158
22,17,0.9826914130596119,0.9764693272594162
27,15,0.9823271718972476,0.976259235843233
26,18,0.9834801109462398,0.9765299147251624
23,20,0.9828886906807179,0.9762249309034313
17,20,0.9827409758707603,0.9757701063833774
19,17,0.982677201040418,0.9760153979716792
23,18,0.9826863004687888,0.9766467481656034
20,17,0.9824035862742134,0.9757152406526506
25,18,0.9827601945444219,0.9760005460110415
24,19,0.9825143710456089,0.9768911528855893
21,17,0.9823182032901395,0.976574437945179
19,18,0.98242904190089,0.9766790124583367
23,17,0.9825294981703151,0.977237655590578
21,22,0.9825190168735997,0.9764242688512283
25,19,0.9821529001822249,0.9755518720830344
22,16,0.9827693035452056,0.9767950880378896
22,19,0.9821306261378598,0.9766101362213844
28,16,0.98312379980424,0.9762927549664513
25,18,0.9821593226586581,0.9767364661122914
19,19,0.9828500076987515,0.9769374479046561
30,16,0.9824830150612606,0.9762375787897658
21,21,0.9828309561409628,0.9765421351719793
16,18,0.9825302854201159,0.9768032480439297
22,19,0.9834074124028914,0.9768503420292002
16,16,0.9825112229711076,0.9765580597583031
29,17,0.982550230267549,0.9764334091377993
20,18,0.9826276046157332,0.9764982980047532
26,18,0.9824334636445661,0.9760802639398776
19,18,0.9828234281260256,0.9770155894052496
21,16,0.9824299410807875,0.9753428578853643
20,16,0.9827764630317688,0.9761281622400156
23,19,0.982722071294045,0.9760485188877247
21,17,0.9826191537949309,0.9768463217783532
22,20,0.9830234986215103,0.9756743002730922
19,18,0.9821422394934843,0.9760809930170936
26,19,0.9822915777745954,0.9765985608100891
22,17,0.9823983292420041,0.9762826007582214
24,19,0.9825986780567844,0.9762519160890415
20,18,0.9823757179246895,0.9758015883605274
17,15,0.9826363491388153,0.9767288988903117
26,17,0.9824549552394304,0.9763752696288645
22,18,0.9825170065607791,0.9760421480972218
19,19,0.982708923274329,0.9762361956454543
15,23,0.9826594980709897,0.9761231834157839
20,20,0.9832539974016736,0.9766166902600352
28,17,0.9827548461316759,0.9770218729972839
23,17,0.9822331749553836,0.9767113607020228
22,20,0.9824734643450049,0.9772026510376364
16,13,0.9830214820172337,0.9756484746105769
22,18,0.9827945632295375,0.9764070525446498
24,18,0.982509715509434,0.9769833659477288
27,21,0.9823775022293877,0.9761744104283518
21,19,0.9828639280515991,0.9767180758395677
17,17,0.9822699569304507,0.9764279578600525
20,12,0.982033884350533,0.9766211601192494
23,19,0.9823411857585349,0.9768229929850724
15,17,0.9824496355103216,0.976313767299945
26,16,0.9830021742007718,0.9758494094520462
19,19,0.9824988478979584,0.9765819714324364
19,19,0.9832226254569308,0.976384138849656
31,18,0.9821508338962872,0.9768257145615931
17,17,0.9825877972659737,0.9763166904449463
25,19,0.9824140340946749,0.9764249027483483
19,18,0.9824133587769232,0.9769193071279978
23,18,0.9826966838519907,0.9763702485788733
22,16,0.98273052909859,0.9763671842548163
23,18,0.9825702143156505,0.9768548607826233
23,18,0.9824580461038908,0.9764494605783001
25,17,0.9827519009088527,0.9763155177685066
23,18,0.9827136474763896,0.9758597884028846
30,20,0.9822703116522515,0.9761797594477784
27,18,0.982695196498337,0.9759232949314743
21,15,0.982310362826523,0.9762350492837362
35,21,0.983396612941243,0.975670922290281
21,21,0.9824291159788163,0.9767100290998565
22,18,0.9825759173940384,0.9767255170965428
19,18,0.9826922042094499,0.9765469195454253
26,18,0.9828191535121897,0.9765236798645167
16,18,0.9820312153436047,0.9766749426748866
17,16,0.9823971519646257,0.976103748342999
28,14,0.9823250030719946,0.9765017892357308
20,16,0.9823592480510246,0.9768173013512971
23,19,0.9825486141602522,0.9759959374219114
26,18,0.9826438201200309,0.9768134186132059
14,21,0.9833112409233701,0.9766928636627872
16,17,0.9819075304719672,0.9765107076539676
17,19,0.9831011939637736,0.9761940487342521
24,21,0.9829412401013086,0.9763407857163595
18,17,0.9830786683658079,0.9765239058917284
30,18,0.9826800759375409,0.9760219908216525
30,17,0.9824312600407897,0.9760819599623589
28,19,0.9824592840729037,0.9761175223959868
19,16,0.9831656134168141,0.9755159225697407
26,21,0.9825748269288487,0.9757873715131213
29,15,0.982162199448657,0.9768798683856109
16,18,0.9819628678032141,0.9768764003349127
28,15,0.9824431500992682,0.9767428636550903
23,15,0.982478660073214,0.9764384866178695
21,16,0.9824161701008011,0.97644210732991
27,16,0.9826939966907412,0.9764563384162968
25,18,0.9829200513787885,0.976220033404891
29,19,0.9820453159049114,0.9760355716872032
20,17,0.9828177756375515,0.9767783115439937
22,18,0.9823200619184593,0.9767975413206283
29,17,0.9826253865157817,0.9759317404003593
27,15,0.9821677080317894,0.9764247628359197
24,18,0.9825455296525583,0.9760884122609192
23,17,0.9824660837440334,0.9766047991637657
24,18,0.9824618081624654,0.977188955952488
17,18,0.9829098137777776,0.976463490298873
26,19,0.9819865279201808,0.9766766176922173
20,18,0.9829427291582968,0.9760882404166522
20,20,0.982312056591665,0.9765560274285447
27,17,0.982975842768054,0.9765189752254118
25,19,0.982437841175986,0.9754708231100866
18,21,0.9823489580671048,0.9760107513655478
25,19,0.9829031462961189,0.9770062725344181
28,21,0.9825346476039163,0.9761827310610255
26,17,0.9829792639627979,0.9764551691856814
21,12,0.9822132358061859,0.9762794321016292
24,18,0.9829270598900721,0.9763204564997947
24,20,0.9826658140180083,0.9761284611120389
23,19,0.9831177937815073,0.9759566641672719
25,17,0.9828641163157801,0.9768275451714662
18,18,0.9822391027856426,0.9761745633010546
24,17,0.9830060758750155,0.9764787427066649
24,16,0.9824807718546575,0.9763748838011869
29,20,0.982791770506866,0.9769514948897503
21,17,0.9822627714575398,0.9754952397880953
26,18,0.9825178618504223,0.9767858422629396
20,18,0.9822083180046052,0.9765767962783847
21,22,0.9825153268749699,0.9767444520208586
23,16,0.9815986734438695,0.975931631984451
25,19,0.9830945320245162,0.976823684681977
21,18,0.9826788169764986,0.9768379330635071
30,17,0.9826189233807477,0.9762319071163151
23,17,0.9822071220702,0.9763512633225091
23,16,0.9826532476530071,0.9757362902086506
23,18,0.9833321590139007,0.9762992837435684
24,20,0.982651864803964,0.9763311689251455
27,21,0.9829944930586141,0.9769986735791204
24,15,0.9824667327309197,0.976462402746914
26,21,0.9825094654761964,0.9768750341393142
24,19,0.9825957355462641,0.9772316435430939
28,20,0.9830028183419741,0.9768020419921837
18,18,0.9826469087875163,0.9755109576496144
24,20,0.9830492092984354,0.9765181902303974
20,18,0.9827632714213859,0.9762531663520864
14,18,0.9822022156642928,0.9765404584053259
21,19,0.9830956376433299,0.9773111327282574
16,20,0.9834745999255985,0.9764819315402026
20,18,0.98262790143335,0.9764065757970154
26,18,0.9828744645107578,0.9765812652283324
14,16,0.9828818056801234,0.9762860264427127
23,14,0.9827171310706742,0.9764661767084309
23,19,0.9823338475478612,0.9766265525821641
26,13,0.9831267321951866,0.9760383679043939
23,21,0.9832057706567588,0.9763655560709179
15,18,0.9826221156596744,0.9764301324761406
15,16,0.9832211118939681,0.9762523946283909
18,17,0.9825940354283753,0.97711890727265
19,19,0.9823117935456754,0.9763820670811929
17,20,0.9826692863150464,0.9766642324519118
19,21,0.9828787369376072,0.976797091365282
25,20,0.9826364809148441,0.9770745850479933
23,21,0.9824562884173847,0.9772431254386902
23,19,0.9829841245708676,0.9766927704646304
19,16,0.9826953925963839,0.9770261678550671
16,22,0.982643045187723,0.9768942953481256
25,21,0.9824723858289645,0.976351743257212
17,19,0.9828627757371989,0.9768170999434863
26,18,0.9829908820015987,0.9762327147177342
13,15,0.9829029834672629,0.9759688377380371
26,18,0.9825725390008921,0.9761709854915498
29,17,0.9829960945927617,0.9768101572990417
23,17,0.9826361315181404,0.9767353728142466
27,14,0.9823385352985128,0.9765003314365971
24,14,0.9831616577101848,0.97703833569228
19,17,0.982789937350911,0.9765230516808439
23,18,0.9824814925591668,0.9766128514742954
18,18,0.9828712441688999,0.9766324595868949
29,16,0.9826610141695581,0.976505453828584
21,16,0.9825076859938102,0.976272463798523
28,17,0.9826223812639646,0.9767168821234261
17,19,0.9823430446551777,0.9765429966083298
19,20,0.9823069177743279,0.9773641411793509
20,17,0.9823413274785907,0.9763354212055031
24,15,0.9826646985432381,0.9763162601352209
24,17,0.9826351846266146,0.9761890112536036
30,20,0.9827506510063496,0.976834200543744
25,17,0.9824532503755707,0.97680462917751
25,20,0.9826567123118293,0.9755013678327906
25,19,0.9823656380910716,0.9756797218786032
22,18,0.9823816322520893,0.9769035173314359
20,14,0.982442700252466,0.9767817725514764
18,17,0.9824809657760548,0.9761473534069958
14,21,0.9825801702430109,0.9765080493319015
15,17,0.9826037393191105,0.9767942148038687
27,18,0.9831768940778289,0.9759554931435496
21,16,0.9828655155080577,0.9762346137029618
24,16,0.9826559614099417,0.9767306348906478
26,18,0.9824269921898017,0.9761294339401461
15,18,0.9827012662651815,0.9766718702247685
19,20,0.9828350561769519,0.9762467469992707
19,17,0.9832802201951621,0.9763995463958742
25,20,0.982885766684813,0.9764631089984034
25,18,0.9825115000626868,0.9764947891235352
26,18,0.9824506088331111,0.9764461385584992
18,19,0.9824221057252064,0.976781114940993
30,18,0.9826134156794211,0.9767352310937041
24,18,0.982565826811691,0.9770748873562373
22,20,0.9823796655667445,0.9765275883619817
20,16,0.982660128318234,0.9754712870370948
24,19,0.982871026312947,0.9764297760325663
25,18,0.9826110203760975,0.9762723138288075
21,19,0.9825219135711443,0.9762551481149326
24,19,0.9826665937709042,0.9760141483595081
15,18,0.982752965916092,0.975708748622386
21,15,0.9826128087769292,0.9758385010135892
17,14,0.9828734599360094,0.9765363419510059
21,19,0.9824801844591066,0.9762019436380774
16,17,0.9826992481387395,0.976793900287368
24,18,0.9823717774452004,0.9766093849830062
21,18,0.9823099374771118,0.9763533921967602
26,17,0.9824799484638752,0.9754704489877608
22,17,0.9828077425809656,0.9768192295302266
24,18,0.9827439044265888,0.9765820293091005
27,18,0.9817260513545466,0.9762196711268053
18,18,0.9822307825088501,0.9766293972108874
26,16,0.9822869415750086,0.9767362995858139
21,15,0.9827902982703671,0.9765301810861909
20,21,0.983300004819692,0.9761932352013274
25,18,0.9822489604014707,0.9762296618237316
25,17,0.9827292789502289,0.9764513857332511
22,21,0.9831635521394905,0.9772063962304481
25,18,0.982581848390918,0.9769868429447499
22,15,0.9824636734627898,0.9767749595978813
24,17,0.9830403772179185,0.9766096974806174
28,18,0.9826116901528382,0.9759952837384649
27,18,0.9828087797601052,0.9760654229368773
17,13,0.9833720980157837,0.9766684630837031
26,19,0.9829059484674493,0.9762795153737175
25,20,0.982317764367696,0.9764595872518139
26,19,0.9824386724010856,0.9765893887289853
21,17,0.9830436806808869,0.9764127481805839
21,18,0.9824514077834272,0.9761849803975511
19,15,0.9824481934462357,0.9768934894079402
19,18,0.9827383214655905,0.9766092597535431
26,18,0.9828994165724154,0.9771724673245232
26,19,0.9825057520688241,0.976432712831739
22,15,0.9823632894428121,0.9762983344059285
20,15,0.9827830613687636,0.9771770881622446
18,21,0.9825210594452459,0.9762791426819939
24,16,0.9825126092284122,0.9763225006430707
21,19,0.9827009304227265,0.9758232046494423
22,17,0.9829516687153514,0.9757788212056561
18,19,0.9827635653825375,0.976332908873919
21,19,0.982527383546681,0.9762259504623951
21,18,0.9821408432413459,0.9765912906657841
21,19,0.9827557352672984,0.9769135068618128
25,14,0.9821172766146267,0.9763607454025595
23,17,0.9827411540828888,0.9767158405737063
24,20,0.9826384183354687,0.9758861214574431
19,18,0.982576670594318,0.9761176026556375
24,16,0.982850548265227,0.976970144504003
23,16,0.9827379340494428,0.976596763507667
24,15,0.9829806807746858,0.9763068877099377
21,19,0.9832745755408882,0.9764054359520961
26,15,0.9824573034440555,0.976107785506296
27,15,0.9826356826691562,0.9762943116990301
29,21,0.982728552303773,0.9759543524586947
24,19,0.9828744645107578,0.9766934487848494
21,20,0.9819149162773969,0.9757521848296465
21,21,0.9823893504151233,0.9765185805582987
21,20,0.982936303984583,0.9763149726101825
20,19,0.9826879304959557,0.9758930652947823
25,16,0.9827975407248757,0.9768330563171834
28,16,0.9822589058378867,0.9771630330470773
25,15,0.9825031620083672,0.9762762052474111
27,18,0.9824720882234023,0.9763466991469818
23,19,0.9828576302096382,0.9770077426045317
26,14,0.9828900509265173,0.9770815372467041
25,17,0.9831468760669583,0.9763440555578277
20,18,0.9823966055267731,0.9764053821563721
27,19,0.9826702004204128,0.9764485124212486
26,19,0.9822533009774181,0.9765375966891019
22,20,0.9828076334000052,0.9762129019577351
27,15,0.9826753574070233,0.9763996831007506
25,14,0.9828828948628826,0.9768110295013386
19,21,0.9826162050064566,0.9756357884171817
19,20,0.9817608825120991,0.9764448197052711
24,19,0.9826753203084514,0.9760921229721112
18,16,0.9829374252198455,0.9761978344643825
26,18,0.9822085860321281,0.9759813117417916
26,19,0.9828416735102944,0.9755619507117947
22,21,0.9831854585846056,0.9767630261918693
19,16,0.9824119361599271,0.9760931942132918
22,18,0.9821733923030408,0.9763483635760017
27,17,0.9828531961370626,0.9773538340330663
19,16,0.9823788603147696,0.9766723314541033
26,14,0.9828274389564753,0.9766514273783761
18,16,0.9825190503811125,0.9757447484326744
34,22,0.9822928974071292,0.9773222291612821
22,16,0.9824411926686433,0.9774540636955329
27,18,0.9825598235276106,0.9761751890182495
30,13,0.9836094223891029,0.9758971958762619
31,18,0.9825512833122738,0.9764005182263835
23,17,0.9823376262568259,0.9761894310047883
18,15,0.9831564795251373,0.9761054232307217
15,17,0.9826830836410169,0.9767102969683004
32,20,0.9827612136182473,0.9761942291098482
21,17,0.9826495666142712,0.9771581947810514
22,15,0.9827342710401076,0.9760983348120922
22,16,0.982672003431773,0.9766711828359157
23,22,0.9827143432149357,0.9776507358754186
29,17,0.9827109083068556,0.9762754669612151
24,17,0.9823869170584059,0.9763639541142082
13,20,0.9828275774255973,0.9763065888379144
25,12,0.982819273359646,0.9765961055160617
28,19,0.9820109688226821,0.976696934188124
25,15,0.9823331746493873,0.9770300587984037
21,13,0.9826757285172805,0.9759064589731458
23,17,0.9825749552925784,0.9765293243213166
22,15,0.9827025233741306,0.9762010870136962
25,22,0.9825171953734606,0.9762729956224977
17,21,0.9823536971669727,0.9767158405737063
20,15,0.9825733080266822,0.9765526101206694
26,22,0.9828574913164652,0.9772602894642042
16,17,0.9825765257338144,0.9758624626740146
23,19,0.9825079016665748,0.9773252741307401
21,17,0.9827927761559759,0.9757519421371095
31,17,0.9826985424126613,0.9765466806189355
28,19,0.9825230651008464,0.9761066918978998
14,17,0.982601974080312,0.9762378220845774
21,17,0.9824413657188416,0.9768817839269458
20,20,0.9823674749570657,0.9763694117372081
27,17,0.9824808298192665,0.9759031207207838
17,16,0.9822238096854315,0.9765370191678641
20,18,0.9826197567927623,0.9771958284158919
23,18,0.9824461752193249,0.9765177120351601
20,16,0.9832153268227501,0.9760339949876125
24,16,0.9821687989423818,0.9753600029773289
24,17,0.9824976729211832,0.9763738063091859
21,21,0.98229776638831,0.9763362098725432
23,14,0.9819825187524889,0.9774672314448645
18,16,0.98275061673808,0.9761247550989502
32,20,0.9821939201052872,0.9763534082839155
21,19,0.9828029916590952,0.9765740041803449
14,14,0.9828212266932546,0.9767630285554397
16,18,0.9829971831147484,0.9765332381193742
16,19,0.9826120550953311,0.9763595874426453
25,19,0.9824800817262708,0.9766934834866319
23,18,0.9824975294084544,0.9760657773627235
22,12,0.9823875114429683,0.9766522183257738
29,14,0.9831196149084875,0.9765308806986512
25,16,0.9827119888811566,0.9764352062623312
22,16,0.9829335298158369,0.9768806622202326
26,18,0.9824167054178836,0.9762587352747697
21,19,0.9822978893616786,0.976037568944237
24,16,0.9827934471582513,0.9769722231108968
20,16,0.9827634940201267,0.9762140806629367
18,18,0.982749963366112,0.9764760492751148
25,18,0.9828418134698721,0.9771005295511062
18,15,0.98275698864335,0.9768109930482649
21,17,0.9824494411726414,0.9762089174607061
20,16,0.98276208503244,0.9757499802387329
22,20,0.9826364612024966,0.9764554271055084
20,17,0.9834404587414289,0.9769657809724631
22,18,0.9822524468047712,0.977418068890691
22,15,0.9822865716747203,0.9762378334999084
25,19,0.9826159925536359,0.9769097133224888
26,18,0.9828086480483325,0.9769566723808233
21,18,0.9825117795850349,0.9765270220846141
22,16,0.9826583807138075,0.9759786050891567
17,18,0.9826321526007118,0.9766622252196313
15,19,0.9824412183597618,0.9764629987025942
13,17,0.9825467608790509,0.9764543888581149
24,19,0.9823004746897221,0.9764130749065523
27,18,0.9828081728687194,0.9754201061670518
15,17,0.9824537146240533,0.9768548158518042
23,17,0.9828596676098144,0.9759547172742594
20,14,0.9827622706072059,0.9761016192257792
24,18,0.9823028286507355,0.976979599010232
22,15,0.9824544391446955,0.9762804489977465
24,18,0.9828026820065405,0.9763223286450233
22,19,0.9823111718222866,0.9767038942492169
21,18,0.9828702662548106,0.9759973929726058
19,17,0.9829529385038268,0.9775454697981392
25,19,0.9825034305172088,0.9760722282702661
18,21,0.9827786555596317,0.9763751232438538
23,20,0.9830915934808249,0.9766115392459128
17,19,0.9831157811316085,0.9765459187017985
24,16,0.9825476935522929,0.9764643754979286
26,19,0.9829736340599599,0.9757295816205519
15,19,0.9827176055993105,0.9755652588510926
14,17,0.9823204737422248,0.9760320996821478
20,19,0.9826006852939202,0.9762893140349688
21,16,0.9827012723537993,0.9764777827328498
15,19,0.9825011612250606,0.9763904824262357
18,18,0.9834369744138334,0.9753959291455332
16,15,0.9828004867839407,0.9765431564532111
21,15,0.982487755791084,0.9762804835297743
25,17,0.9829654243450484,0.9770979817283434
17,19,0.9826894793744244,0.9764153014559678
22,19,0.9827888662217111,0.977067734193409
20,18,0.9822712583587107,0.9750893982740834
17,20,0.9829127825398625,0.9756291360056228
16,19,0.9829550059220427,0.9763035225662482
23,13,0.9831244459742525,0.9761794610024291
22,18,0.9828041042451631,0.9766702363307682
17,22,0.9823696406054383,0.9762619954677746
26,22,0.9827133890321182,0.976714513900747
24,16,0.9825610145659682,0.9762232727796921
23,15,0.983221571156968,0.9755294173322315
27,17,0.9831333856848804,0.9757122746527869
25,15,0.9826286137132707,0.976483166217804
29,17,0.9831180661023236,0.9767486803347517
18,19,0.982774690453673,0.9763121478575475
30,19,0.9823603809664694,0.9759762055790723
19,20,0.9823262234859169,0.9758812285558928
24,13,0.9828192826218239,0.9774212285888338
28,15,0.9826583741102197,0.9758857266607213
21,18,0.9829368885903982,0.9770412760455439
19,18,0.9823583865994102,0.9765718676457786
16,14,0.9825368101888655,0.9765157979880896
21,17,0.982639375061437,0.976670649169875
15,20,0.9826128248416953,0.9767377591628249
21,16,0.9828556757299766,0.976667586005063
19,20,0.9825891415343323,0.9764718368960089
15,18,0.9825711004694913,0.9761409547774109
20,14,0.9829857163301292,0.9763844515002196
24,17,0.9824540811884341,0.9753036655558065
22,14,0.982310309839807,0.977098944256113
17,20,0.9825599937816034,0.9770684836712891
23,20,0.9828835942522178,0.9761355057945612
31,17,0.982665802587948,0.9773175120353699
22,17,0.9828325258238918,0.9765724235419015
31,19,0.9823359783014074,0.9767205130845329
25,16,0.9825181571697857,0.9757939803678789
17,17,0.9832976373503138,0.976879472422944
25,17,0.9826969131703096,0.9770222008725042
18,18,0.9830928087740021,0.9766960362781232
21,18,0.982512045357543,0.9769211533691079
21,18,0.9828780303988338,0.9760035820155892
23,19,0.9822267255806375,0.9757482361240208
26,18,0.983284395304396,0.9763287216546123
20,18,0.9829186544022764,0.9762744263125455
23,19,0.9829582083867084,0.9756828222788303
21,19,0.9825533447358804,0.9759839266015802
22,18,0.9829526192363954,0.9768558144155598
21,20,0.9825327400531724,0.9763739436231258
22,15,0.9825971497197029,0.9761952419403693
15,18,0.9820675256801965,0.9761506374161664
27,19,0.9821086816369424,0.9770504199931515
15,17,0.9820369535865624,0.9759439552179835
21,19,0.9829261606809159,0.9764632574386778
23,18,0.9826429344385902,0.9765123921131458
26,23,0.9825608791481555,0.9764105365276116
15,20,0.9826284641614491,0.9760517857839223
19,20,0.9829810105738139,0.9761055108009606
26,19,0.9823935192588192,0.9767514705088949
19,19,0.9825000471875854,0.9762101411843271
28,20,0.9823153886181455,0.976566214077559
14,18,0.9824748276862928,0.9764234934952917
24,18,0.9826419879453102,0.976711659360135
27,16,0.9830766320228577,0.9762329284847776
23,20,0.9830249293898006,0.976150525564398
23,16,0.9822318605759318,0.9763128681504681
19,17,0.98311726102124,0.9767305160221521
23,19,0.9825726016482538,0.9763283961489921
17,15,0.9816791042773512,0.9765084243995874
24,18,0.9828032284414363,0.9763217828340467
23,16,0.9824910099546225,0.9768198318022491
22,19,0.9823704367342673,0.9765490840535026
21,18,0.9827237552377911,0.9766746061594386
29,19,0.9827181987601059,0.976615284238722
24,17,0.9829238690441959,0.9766810253370537
25,17,0.9826900993775561,0.9763836290345512
23,14,0.9825949023580074,0.975999725851934
25,18,0.9826417757567506,0.975520713576076
19,17,0.9818363690692734,0.9758214283305361
32,20,0.9827451875762977,0.9761103105683393
23,17,0.9825436166191139,0.976032555103302
23,16,0.9823012351989746,0.9751493891674234
29,17,0.9825014928490642,0.9760664816462612
23,17,0.9820281541998283,0.9766184174132252
22,15,0.9830539513550889,0.9764224316341381
27,13,0.9826248545036647,0.9761970976210376
32,17,0.982240988772638,0.9766749192877598
22,20,0.9824279705141705,0.9767040306695663
22,17,0.9829352506211168,0.9768865241364424
20,18,0.982812661619934,0.9763268333158656
26,18,0.9825514019444329,0.9757166319548852
25,20,0.9826509133920814,0.9763022823555606
23,18,0.9827571694243652,0.9765405596197625
27,19,0.9827148936993836,0.9759258012084112
19,17,0.9825859673743018,0.9770892593507938
21,19,0.9821991374938592,0.97680187957099
25,19,0.9825105924817078,0.9756874439997332
23,17,0.9828052578840203,0.976713868463906
26,16,0.9825612936571388,0.9768814200716285
21,17,0.9832205183273676,0.9752703809056957
25,16,0.9825735817002453,0.9764973469578395
25,20,0.9829232008171378,0.9767585669611168
24,14,0.9826168850845967,0.9765689984743552
16,19,0.9830416346836955,0.9765713197459325
25,19,0.9830838228395677,0.9756739752545983
21,19,0.9824881647206305,0.9762085676193237
30,16,0.9829691536669197,0.9765815369333467
18,19,0.982880454768384,0.9766263731299081
22,17,0.9826238981834383,0.9769515256904984
30,17,0.9826038619860266,0.9766844558434354
20,17,0.9827309517172075,0.9766296718562907
26,15,0.9824200072500227,0.9765046018659624
25,19,0.9825221278651269,0.9764749381595643
22,18,0.9821995066256035,0.9757191700579696
19,16,0.9828284905806529,0.9763339855874551
22,18,0.982946896126862,0.9767523265734358
18,17,0.9829756305453196,0.976718733358019
17,18,0.9825941536609282,0.9768496715537986
20,15,0.9832172168727645,0.9769614475064106
24,20,0.9826285004160706,0.9760396657166681
19,19,0.9826612832554651,0.9762680923717638
24,18,0.9827644676532912,0.9763860116221971
19,15,0.982243848072006,0.9757784171500726
28,14,0.9824907856438345,0.9760373664644512
19,22,0.9825090473022594,0.9762773852931832
23,15,0.982665654020701,0.9759990662697189
25,18,0.98301854940934,0.9765425772934423
17,20,0.9827504851749698,0.9769633086855056
21,15,0.9821816944376681,0.97670041581885
23,21,0.9820276046041867,0.9765742796820209
16,19,0.9821665192626646,0.9764816680691525
19,19,0.9826494604843795,0.9765042225947891
22,15,0.9824599623680115,0.9759130162191512
17,17,0.9824598586240159,0.9771116193915063
25,16,0.9828347503614616,0.9768009847519276
22,21,0.9821237330109328,0.9760682682865501
22,20,0.9824704308611053,0.9766032533982972
16,20,0.9824844059209851,0.9763080234236262
22,18,0.9826981158533321,0.9762094044040648
25,18,0.982269698631489,0.976354635179151
18,18,0.9821295826811789,0.9768156378902236
24,15,0.983390650509133,0.9760590681485607
15,19,0.9824351739670713,0.9769840099748103
25,19,0.982683752708873,0.9766163238035718
25,17,0.9823278535167577,0.9762831173991098
29,17,0.9828458936194211,0.976971340183371
34,17,0.9827436469204628,0.9771714049244804
15,19,0.9823650490747666,0.9762345703984023
21,16,0.9826486313136138,0.9767191472694078
18,19,0.9824856235191913,0.9762257214460627
18,19,0.9822998783172991,0.9767577321813048
18,18,0.9831708990791729,0.9755291455335935
17,19,0.9825210734287937,0.9772497304498555
19,15,0.9828620680775957,0.9766732519269014
16,20,0.9824489646704969,0.9771816260065309
21,17,0.9829392694348955,0.9764100220125497
20,16,0.981928086411268,0.9758309210964506
19,16,0.9823033208185697,0.9757229218137643
20,21,0.9830191251769633,0.9765947493381504
21,14,0.9827440605707863,0.9766293844171452
26,17,0.9824668763177982,0.9762612339145004
22,17,0.9826718847184529,0.9764856946324167
29,14,0.9824177864683381,0.9760827901416255
23,19,0.982648205786246,0.9763640213174916
27,17,0.9828530829516433,0.9760417557981471
25,15,0.9826885073972027,0.9759561584375019
21,14,0.9827784608063275,0.9763768987640268
16,21,0.9828639157065543,0.9761488594475531
22,17,0.9822595169908243,0.9766381442911521
26,17,0.983051645490637,0.9765325196000167
24,22,0.9826277838059457,0.9765422949483985
23,19,0.9825720657542522,0.9764186757520308
18,19,0.9823462611543371,0.9757450232832422
26,20,0.9828360690483072,0.9767815562573127
25,17,0.9827232999429466,0.9758590902847117
22,17,0.9829135850382085,0.9769627451896667
20,15,0.9833171509699418,0.9768294657042352
26,20,0.982122546689342,0.9768954318790802
25,19,0.9828397967231677,0.9766373129640739
14,17,0.9823731725145233,0.9764625824593671
16,18,0.9829591406752068,0.976589883046653
21,15,0.9824084005044561,0.9762424381286324
22,20,0.9832362826813852,0.9763099466824577
22,21,0.9823156260447857,0.9764827080512943
21,17,0.9827179173654875,0.9763942217280546
19,18,0.9826303944130724,0.9766069552213119
19,19,0.9822503924369812,0.9767559130377151
17,18,0.9822668166347731,0.976545499979868
22,19,0.9833479416818858,0.976950406655057
16,16,0.9829689168845787,0.976041956949514
28,17,0.9824541997398505,0.9761840831362711
18,14,0.9828794293917414,0.9757252835350815
16,19,0.9823786704748877,0.9765547513961792
21,20,0.9827741862023904,0.9766835948863026
21,20,0.9827689705506368,0.9763365441255298
22,19,0.9824862660084702,0.9763548196568784
23,16,0.9825020730168141,0.9762927549664513
18,18,0.9827431127105223,0.9762370712052992
20,18,0.9829237943837383,0.9760800368919683
24,17,0.9831218082016914,0.9764641360552618
17,16,0.9823445327382339,0.9757655769921545
18,16,0.9825290725943537,0.9763575840685057
19,18,0.9827524670491782,0.9766852064911884
18,21,0.9825437653348915,0.9756716080487267
23,17,0.9825458348817078,0.9756020457936376
24,19,0.9824601411819458,0.9760709847629939
20,18,0.9825752782336664,0.9770184505681083
26,17,0.9829671204493085,0.9764459729194641
21,17,0.9826151174565808,0.9757614738895211
17,18,0.9826065050634811,0.9763474445066556
23,17,0.9825124585812495,0.9765723347663879
22,17,0.9828568419198641,0.9766687720552178
25,15,0.9830112606830038,0.9754955904677819
18,16,0.9827073551374583,0.9766059595905888
22,18,0.982117772102356,0.976426463316717
21,16,0.9823868032596641,0.9762529179306454
22,16,0.9823068110125397,0.9759857699707964
23,19,0.9828807408751835,0.9769296772320507
24,17,0.9827573633078852,0.9762088576863015
23,17,0.9829905766338135,0.9763634755748588
18,19,0.983165851619531,0.9769237899542296
30,17,0.9830328305141092,0.9759998911281674
22,17,0.9824015389186411,0.9767280734099311
19,18,0.9826084192388534,0.9766212794973891
25,21,0.9830975572531102,0.9762433059432478
17,18,0.9830658665999743,0.9769490640701526
26,20,0.9826315020485974,0.9767379209419136
20,20,0.9826726377175559,0.9757177251626113
19,18,0.9829599447748123,0.9767420771743157
27,19,0.9822840713110684,0.9765472650507868
19,16,0.9827424763984633,0.9767818450927734
16,15,0.9827322529347097,0.9772892044175783
21,18,0.9823912703167418,0.976982831954956
25,19,0.9827204856748298,0.9763587669682302
19,20,0.9829242032365687,0.9764294388269215
24,17,0.9828246019925151,0.9767492305506544
23,17,0.9825321846454587,0.9762082054465848
23,18,0.9827672375255982,0.9760879277585589
27,18,0.9830902708250375,0.9761462352820965
20,17,0.9831316121104562,0.9759321628241884
25,19,0.9826051930190512,0.9757911195324172
22,15,0.9824539152928178,0.9764244639638965
28,20,0.9824960007261404,0.9770219075178456
27,17,0.9821303522237872,0.9767800806541937
18,17,0.9823017405656392,0.9766853855583979
23,18,0.982621279758496,0.9764917642067755
23,19,0.9824870715204665,0.97572489469473
21,18,0.9827762125235764,0.9756691330934585
20,14,0.9828525827001042,0.9767336803587537
24,17,0.982506698562104,0.9768971622695111
17,18,0.9823972593497918,0.9762386446419746
30,20,0.9821638231566832,0.975764544443341
16,17,0.9828224797146949,0.9759328726381491
13,18,0.9829410187603914,0.9763214880864753
28,17,0.9828013775625873,0.9769318465902027
21,19,0.9830086647140489,0.9756118398825462
25,17,0.983094803764577,0.9762973043771217
26,18,0.9828858853169721,0.976867033655971
25,21,0.9823135878130438,0.9764333744196011
25,15,0.9824778526130062,0.9763445455848712
17,16,0.9826058387862511,0.9754000927332505
17,19,0.9822447541926767,0.9764965657877022
16,20,0.9816773338255275,0.9761073977727001
19,19,0.9822820961635614,0.9759167701188022
12,19,0.982665695466592,0.9762564522755581
23,16,0.9829373208906549,0.9764522590620616
20,17,0.9828947608068931,0.976596045698643
17,18,0.981829255948641,0.9761108067984018
17,16,0.9826181010234708,0.9761255646352159
21,18,0.9828883172762333,0.9767080682721333
17,19,0.9820925410664229,0.9767210042862421
25,18,0.9826831429570964,0.9772455432305487
24,20,0.9825424019936037,0.9766335512201484
22,14,0.9830402806847381,0.9756278181142994
22,17,0.9821883010634025,0.9768477877276924
15,18,0.9824227690696716,0.9761095724001676
21,17,0.9828669161603253,0.9764080104508487
21,17,0.9819690650693985,0.9767752821279178
23,16,0.982566586482536,0.976361521926783
18,18,0.9827162576456588,0.9766641586186514
23,20,0.982424613478114,0.9758888841751406
15,19,0.9829873396808405,0.9767551187561728
24,18,0.9830259389438923,0.9767147789353438
17,18,0.9827475051033666,0.9763097669700045
30,20,0.9829978102627501,0.9757990012586464
18,17,0.9821516235930459,0.9770009561323887
19,17,0.9825559162126627,0.9762957805704406
22,17,0.9827518811924094,0.9767394638556735
22,19,0.982471145908275,0.9763971519692055
23,17,0.9825884592188497,0.9761059051929681
24,18,0.9828485161868604,0.9755242637271393
18,19,0.9827218055725098,0.9765892265129148
18,18,0.9824547167347789,0.9763098816200307
20,20,0.9831267780045642,0.9763289706698149
25,18,0.9823757235423718,0.9773214548009053
25,18,0.9822647577687217,0.9767797449913749
30,19,0.9830190807744517,0.9764531418854433
21,17,0.9822425796791673,0.9763568058798383
23,17,0.983007127369992,0.9759908255626697
24,19,0.9826044763687383,0.9765383218896276
21,17,0.9817554394730545,0.9764639523218459
17,14,0.9824350910967051,0.9756182449738848
20,19,0.9823387609315505,0.9765766490126694
15,20,0.9826960844321159,0.9765594349998808
28,18,0.983099685516847,0.9770565497481459
22,16,0.9829845279572509,0.9769430160522461
26,16,0.9826104505752931,0.9756465590692419
19,22,0.9829999353712549,0.9773001501266305
24,15,0.982473689608965,0.9763548903385034
29,18,0.9824593147422754,0.9760901518285705
19,18,0.9825902948238313,0.9768300718636914
18,18,0.9823779571264896,0.9760543989725972
16,17,0.9830276507470782,0.9758216970530704
22,19,0.9826185487223766,0.9760515616518173
25,17,0.9823649443281721,0.9770187993627591
22,19,0.9828146383388465,0.9768651093476879
28,22,0.9825633698472425,0.9767043556130588
20,18,0.9831192144755535,0.9758633476885534
14,18,0.9826333028894153,0.9764536567408587
23,18,0.9826598616024084,0.975646388401129
15,15,0.9825992376607002,0.9768140801896907
20,17,0.9827017353336085,0.9763400784704426
26,18,0.9826603947223046,0.9772769665231033
19,21,0.9829297575997703,0.9758561915304443
23,16,0.9829341585896719,0.9760820113876617
26,18,0.9827696650587178,0.9766902800621248
21,19,0.9827866953732247,0.9762908372582685
27,17,0.9825599434598871,0.9769063583872134
22,16,0.9827033437482836,0.9763705854040586
20,19,0.9830459039525388,0.9765897137167342
18,19,0.9826248545036647,0.9766285129416883
25,19,0.9828092953864868,0.9771996383585565
25,16,0.9825507592703029,0.9768751859664917
26,17,0.9824348543143641,0.975343725845067
22,16,0.9827018635165635,0.9767874097726852
23,16,0.9830533410297789,0.9763154421591369
15,17,0.9827956158835184,0.9765360287159889
19,17,0.9828409602620247,0.9767881158368676
31,21,0.9823924335629005,0.9762757286200799
23,18,0.9828836917877197,0.9753081852376501
20,19,0.9825519344411817,0.9765306725441196
22,19,0.9821453240638862,0.9769887097032572
24,18,0.9826609201065264,0.976357424821961
28,15,0.982348052602196,0.9760029096182079
21,15,0.9823290589902237,0.9759804170406217
24,19,0.9828525496802692,0.9760558061456633
22,17,0.9818961626201274,0.9755305936771236
17,15,0.9828378171874493,0.9766007386832276
25,17,0.9822506289786576,0.9757023053378809
19,18,0.9824234071534664,0.9768099188804626
21,19,0.9827749872369733,0.9763854052383277
21,18,0.9829144163512319,0.9766327562902677
22,21,0.9831248972517385,0.976212661394384
22,13,0.9821364266519549,0.9763630656115324
19,20,0.9828919061826286,0.9763966320248879
24,18,0.9830164797316214,0.9764770335471619
24,19,0.9825516841241418,0.976582639867602
21,14,0.9820950124593871,0.9758588891847745
16,19,0.9824098144625654,0.9758390530108667
27,21,0.9822896394522074,0.9762054642082394
19,20,0.9824416927840437,0.975930249186199
17,16,0.9827006332304453,0.9760197709747068
23,14,0.9823461017650742,0.9763700047585164
26,18,0.982259190569391,0.9770861068490361
21,18,0.9827253268290085,0.9763204704551411
18,20,0.9833079159378587,0.976253987361817
25,16,0.9827361715322073,0.9766293491844026
20,17,0.9828514819908375,0.9768425544895619
28,21,0.9826504431509072,0.976071257006783
23,19,0.9825992473977363,0.9757866554549156
22,19,0.9826935390219498,0.9757038090817794
27,17,0.9822860692688021,0.9765105429873548
29,21,0.983116268519878,0.9763339960042464
22,18,0.9828333573882148,0.9757544599882628
30,16,0.9823116184278173,0.9768498510060547
30,18,0.98233401187681,0.9762794908705696
20,16,0.9821469849141133,0.9761764758903326
23,18,0.9825388208262,0.97608794175854
23,19,0.982634145316397,0.9767024566323723
21,17,0.9823610566451816,0.9759562510522244
21,19,0.9829297564673041,0.9761327597910533
21,16,0.9827581806010536,0.9769676093623219
21,20,0.9827622650964365,0.975927825314694
16,21,0.9830323749973159,0.9764934930013158
29,17,0.9828865758254822,0.9761414962096676
23,19,0.9826070403805637,0.9765756564773554
24,19,0.9826387732545732,0.9761317250377939
22,16,0.982729587447378,0.9767144893752884
22,19,0.9829714675319676,0.9761925944505246
15,20,0.9827243784176778,0.9762456787195698
20,18,0.982404626582276,0.9760052219452137
22,15,0.9824294410481262,0.9762731824183011
31,23,0.9823198912859793,0.9758893861628306
21,16,0.982822318545755,0.9763641986735857
19,18,0.9832934930804705,0.9761182508615266
19,21,0.9827208873823398,0.9761847470067353
24,16,0.9824623015078185,0.9755293356899513
18,20,0.9822868018058545,0.9774023732240721
22,18,0.982235294549588,0.9763912378222235
26,15,0.9823592178467158,0.976381408613859
17,18,0.982094943523407,0.9764676474879561
25,22,0.9826401476363719,0.9764837437392198
24,18,0.9828977044771693,0.9773772358894348
24,15,0.982832767038481,0.9757999356735801
20,14,0.9828136777812133,0.9768506884499161
30,22,0.9830954005686846,0.9765677727948494
19,16,0.9825823748750857,0.9766114904899352
23,17,0.9826988385903815,0.9767568349200247
22,17,0.9829573668168945,0.976252860768117
29,17,0.9823570195149167,0.9766851736524595
19,18,0.9823356790575789,0.9767031826867723
16,17,0.9829107920368226,0.9765077501892688
18,18,0.9828201086863683,0.9759826115646778
23,19,0.9826235502139167,0.9755965976665791
23,19,0.9830283592219494,0.9766077580268089
18,16,0.9827577779566935,0.9759731565200881
24,17,0.9825011103444021,0.976200808982374
25,18,0.9827555270060203,0.9763442501504614
22,15,0.9822029671039959,0.9760127660492037
27,15,0.9820937403203913,0.9766388042013686
21,18,0.9829678395688637,0.9768980257334465
26,21,0.9831388377614662,0.9763627072217977
21,16,0.9831350689071101,0.9763340556933162
25,19,0.9823556524304231,0.9759896765255975
16,18,0.9825642275348331,0.9761705112158663
17,22,0.9828080164419021,0.9765431465049678
22,18,0.9825019992730346,0.977252622352966
20,18,0.9825972532739191,0.9768434762954712
24,18,0.9830190555452938,0.9768362299595743
24,18,0.9828409641149773,0.9766377982568738
24,15,0.9825156013161674,0.9768052866959611
18,18,0.9823958405366872,0.9764774386888309
23,18,0.9827873884954598,0.9760061846860949
