COP20,COP21,COP22,COP23,COP24,COP25,COP26
0.010634488,0.01090079,0.012789717,0.013090049,0.011506296,0.010897342,0.012039299
0.0065324376,0.0068177013,0.007870863,0.00763548,0.0076348092,0.0069673625,0.0068063815
0.0055714576,0.0064139916,0.005604179,0.0062204082,0.0070103,0.0064492007,0.0053194133
0.00497829,0.005587185,0.0050210143,0.005153537,0.0066468357,0.0043510036,0.0046081957
0.0047396095,0.0047738086,0.0046852464,0.004513826,0.005720375,0.0041907234,0.004485856
0.0046976064,0.0045958064,0.004297809,0.0041807196,0.0056509296,0.0040259864,0.0042544436
0.004395503,0.0043949536,0.003937479,0.0040151216,0.004810984,0.004021146,0.003970498
0.0043002963,0.0037977472,0.0038129783,0.0038133317,0.004732336,0.003713938,0.003902057
0.0041745864,0.0036424652,0.0037385295,0.0037149347,0.0045019486,0.0035663857,0.0037371027
0.0041293357,0.0035464242,0.0036307438,0.0036689106,0.004272322,0.0035216177,0.0036029904
0.003993552,0.0033453358,0.0035897123,0.0035785707,0.004191337,0.003389974,0.0034090267
0.0039074435,0.0032170925,0.0035181649,0.0033689744,0.0040718187,0.0033486818,0.0032865892
0.0037024731,0.003191447,0.003493631,0.0032420808,0.004021858,0.0032588735,0.0031735227
0.0035940565,0.0030922259,0.0034265502,0.0031832545,0.0038659985,0.0031145704,0.0031010483
0.0035222664,0.003043753,0.0033000514,0.0031418365,0.0037620997,0.0030193431,0.0030472218
0.0034656755,0.0030259914,0.0032328486,0.0030491205,0.0036675462,0.002954839,0.0028611412
0.0034055894,0.0029837147,0.0030815199,0.003013493,0.0036603143,0.0028772359,0.0027475997
0.0033795175,0.0029302111,0.0030016885,0.002936548,0.003475385,0.0028162939,0.0027293528
0.0032242707,0.0028794971,0.00295743,0.002909923,0.00345153,0.0027832582,0.0027276021
0.0031772393,0.0028530145,0.002916808,0.0028065934,0.0033187566,0.002775819,0.0027073727
0.0030279595,0.002816254,0.0028726575,0.002805451,0.003295665,0.0026956338,0.0026634254
0.0029886854,0.0027993394,0.0028022437,0.002675432,0.0031972742,0.002647959,0.002647199
0.0029334784,0.0027374935,0.0027446244,0.0026446234,0.003177868,0.0025684088,0.002497992
0.0028936323,0.0026925455,0.0027078367,0.002606011,0.003139448,0.0025587785,0.0024933063
0.002801441,0.0026383472,0.002665782,0.0025824928,0.0031196733,0.0025474944,0.0024598339
0.002701518,0.0025727083,0.002640275,0.0025580467,0.0030042864,0.0024805618,0.0024164377
0.0026928287,0.002508146,0.002606421,0.0025163554,0.0029032459,0.002412864,0.0023929465
0.0026554568,0.0024544264,0.0025711579,0.0024878453,0.0028294802,0.0023744544,0.002385601
0.002650467,0.0024001265,0.0025300842,0.0024639699,0.002812124,0.0023356199,0.0023233332
0.002607412,0.0023927314,0.0025084578,0.0024488845,0.002687947,0.0023126444,0.0023084437
0.0025825382,0.002372326,0.0024947275,0.0024397757,0.0026151761,0.002293851,0.0022871075
0.0025300179,0.0023429515,0.0024840306,0.0024096104,0.0025917094,0.0022832474,0.0022615064
0.0024873933,0.0023070113,0.0023973526,0.0024053282,0.0025841438,0.0022627234,0.0022371332
0.0024496212,0.002258096,0.0023710672,0.002372059,0.0025501607,0.0022380883,0.0022007944
0.0024102582,0.002248933,0.0023576033,0.0023612236,0.0025451372,0.0022318587,0.0021779735
0.0024074328,0.002231672,0.002345603,0.0023576557,0.0024916055,0.002224292,0.0021563661
0.0023888997,0.0022008182,0.0023155333,0.002348156,0.0024697445,0.0022116145,0.002132729
0.0023749042,0.0021957785,0.00230649,0.0023106989,0.0024403634,0.0021987094,0.0021177563
0.0023505408,0.0021829854,0.002249434,0.0022975344,0.0024135849,0.0021695788,0.002084579
0.0023248438,0.0021722734,0.0022363977,0.002280855,0.0024114945,0.0021565813,0.0020703939
0.0022969241,0.0021527645,0.0022163491,0.0022449763,0.0023916715,0.0021380933,0.0020510643
0.00228478,0.0021171367,0.0021969995,0.002215195,0.002373083,0.0021283196,0.0020220822
0.002282511,0.0021078296,0.0021918255,0.0021628325,0.002332884,0.002125082,0.0020011207
0.0022375442,0.0020769343,0.00217951,0.0021555112,0.0022944964,0.002102492,0.0019740046
0.002216368,0.0020646667,0.0021386466,0.0021477486,0.002273846,0.0020860494,0.0019566403
0.0022054212,0.002048925,0.0021255757,0.0021302225,0.0022703705,0.0020742225,0.0019507236
0.0021695443,0.0020358986,0.0021150643,0.0021199079,0.002259473,0.0020738314,0.0019499941
0.002140898,0.0020031598,0.002098648,0.0020821101,0.0022532977,0.0020560306,0.0019425888
0.0021356721,0.0019756774,0.0020814713,0.0020428128,0.0022296759,0.002045877,0.0019224698
0.002107243,0.0019715882,0.0020732118,0.0020309882,0.0021853521,0.0020227444,0.0019090754
0.0020956148,0.0019504847,0.0020478398,0.0020239418,0.0021804105,0.002006006,0.0018846083
0.002076013,0.0019381857,0.002044779,0.0020086109,0.0021721476,0.0019967218,0.0018687563
0.0020583386,0.0019275196,0.002040456,0.001977195,0.0021580516,0.001981101,0.001837609
0.0020396425,0.0019152479,0.0020215407,0.0019661593,0.002145118,0.0019789198,0.001833534
0.0020160452,0.0019127207,0.0020104533,0.0019486207,0.0021376135,0.001970877,0.0018193249
0.0020104414,0.0019065961,0.001999668,0.0019402306,0.0021217188,0.001953953,0.0018073939
0.001999628,0.0018957088,0.001978331,0.0019087577,0.0021044607,0.0019315704,0.0017918993
0.0019814617,0.0018828149,0.0019775117,0.0019006715,0.0020991599,0.0019208466,0.0017899668
0.0019762416,0.0018673507,0.0019710925,0.0018948008,0.0020893188,0.0019118875,0.0017722868
0.0019652408,0.0018628105,0.0019535278,0.0018946328,0.002077868,0.0019053768,0.0017584634
0.0019390576,0.0018489895,0.0019335516,0.0018887036,0.0020621445,0.0018933523,0.0017480747
0.0019296899,0.0018455093,0.0019208047,0.001874777,0.0020365538,0.0018764136,0.0017340301
0.0019219646,0.0018291675,0.00190045,0.0018717692,0.0020237023,0.0018689488,0.001724586
0.0019167871,0.0018274528,0.0018985025,0.0018628434,0.0020010471,0.0018625411,0.0017121164
0.0019064482,0.0018214142,0.0018878602,0.0018544664,0.0019678557,0.0018331507,0.0016988073
0.0019023791,0.001804876,0.0018796412,0.0018441308,0.0019471786,0.0018157911,0.0016913306
0.0018899401,0.0018005556,0.0018684363,0.0018337057,0.0019239086,0.0018136544,0.0016862375
0.0018820951,0.0017932893,0.0018620739,0.0018233943,0.0019010048,0.001798145,0.0016787407
0.0018723378,0.0017892781,0.0018463392,0.0018158767,0.0018956267,0.0017930473,0.0016715241
0.0018658461,0.0017802807,0.0018402548,0.0018056154,0.0018660607,0.0017866567,0.001668671
0.0018567395,0.0017715471,0.0018132159,0.0017959424,0.0018621203,0.0017770604,0.0016664484
0.0018516821,0.0017692253,0.0018067277,0.0017887951,0.0018517121,0.0017707907,0.0016630664
0.0018467403,0.0017530425,0.0018062025,0.0017742029,0.0018390471,0.0017660734,0.0016595818
0.0018373979,0.0017424483,0.0017951569,0.0017739912,0.0018357462,0.0017634281,0.001651142
0.0018281497,0.001729604,0.001771869,0.0017623557,0.0018221687,0.0017579712,0.00164301
0.0018152681,0.0017211238,0.0017610862,0.0017539212,0.0018068126,0.0017490932,0.0016398992
0.001811495,0.0017052052,0.0017554627,0.0017439085,0.0017920717,0.001741996,0.0016325915
0.0018076809,0.0016937644,0.0017460292,0.0017355441,0.0017856376,0.0017369642,0.0016281641
0.0018001379,0.0016854166,0.001737326,0.0017262248,0.0017833939,0.0017225426,0.0016182048
0.0017877332,0.0016798831,0.0017289339,0.0017113845,0.0017742153,0.0017166466,0.0016156468
0.0017837365,0.001673306,0.0017170393,0.0017092471,0.0017599387,0.00171166,0.001605724
0.001776756,0.0016712055,0.0017149495,0.0016994069,0.0017495658,0.0017029056,0.0015919637
0.0017671674,0.0016630183,0.0017084803,0.0016859272,0.0017357952,0.0016996358,0.0015850595
0.0017633599,0.0016569855,0.0017017926,0.0016766232,0.0017306354,0.0016896802,0.0015790737
0.0017616785,0.001655112,0.0016897093,0.0016692168,0.0017256537,0.0016856745,0.0015774295
0.0017468799,0.0016498752,0.0016781276,0.0016633313,0.0017154702,0.0016834179,0.0015756016
0.0017440736,0.0016480002,0.0016685546,0.0016541657,0.0017077734,0.0016792477,0.0015743215
0.0017336077,0.0016375193,0.0016641249,0.0016447935,0.0017057614,0.0016766831,0.0015704125
0.0017212855,0.0016310993,0.0016602156,0.0016437107,0.0017029084,0.0016707443,0.0015655825
0.0017145133,0.0016199251,0.0016498461,0.0016349375,0.0016997957,0.0016649938,0.0015615611
0.001702516,0.0016192544,0.001645922,0.0016292466,0.0016923571,0.0016539873,0.0015608798
0.001692836,0.0016085458,0.0016345714,0.0016236672,0.001689835,0.0016498972,0.0015543895
0.0016880118,0.0015959687,0.0016217405,0.0016201709,0.0016854632,0.0016470982,0.0015462906
0.0016840465,0.0015894173,0.0016195081,0.0016128921,0.0016808249,0.0016429351,0.0015432313
0.0016761539,0.0015883764,0.0016158845,0.0016090812,0.0016721641,0.0016385325,0.0015360458
0.001661966,0.0015701271,0.0016065965,0.0016001579,0.0016686639,0.0016321498,0.0015259204
0.0016537129,0.0015625367,0.0015986365,0.0015919891,0.0016661738,0.0016287141,0.0015240321
0.0016519565,0.0015586246,0.0015944113,0.0015888343,0.0016622264,0.0016274792,0.0015172558
0.0016361334,0.001543387,0.0015921706,0.0015824495,0.0016536232,0.001622972,0.0015131978
0.0016328637,0.001539831,0.0015837876,0.0015781327,0.0016456784,0.0016153731,0.0015098738
0.001626529,0.0015296785,0.0015762099,0.0015757161,0.0016390238,0.0016119748,0.0015018682
0.0016175483,0.0015247832,0.0015725631,0.0015704881,0.0016350442,0.0016050183,0.0014947057
0.0016160985,0.0015198244,0.0015680962,0.0015649502,0.0016292938,0.0015987728,0.0014892354
0.0016108502,0.001515513,0.0015595751,0.0015595189,0.0016207697,0.0015929455,0.00148389
0.0016062129,0.0015138459,0.0015571851,0.0015527706,0.001615501,0.0015896587,0.0014800675
0.0015993416,0.0015046234,0.0015455198,0.0015464327,0.0015985976,0.0015827648,0.0014779834
0.0015911944,0.0014991509,0.0015401475,0.0015455122,0.0015818983,0.0015803756,0.0014763061
0.0015886631,0.0014988158,0.0015325263,0.0015333375,0.0015753135,0.0015756028,0.0014725769
0.001575916,0.0014952461,0.0015300537,0.0015309816,0.0015698168,0.0015687387,0.0014692197
0.0015731944,0.0014925934,0.0015128979,0.0015259426,0.0015656251,0.001544437,0.0014590364
0.0015665144,0.0014857093,0.0015117908,0.0015162383,0.0015604723,0.0015398955,0.0014538686
0.0015628365,0.0014832682,0.0015034117,0.0015140221,0.0015518058,0.0015383759,0.0014517389
0.001553719,0.0014790006,0.0014993626,0.0015067447,0.0015370313,0.001537174,0.0014469355
0.0015512477,0.0014749804,0.001497469,0.0015015503,0.0015333121,0.0015344641,0.0014442443
0.0015438284,0.0014713366,0.0014886118,0.0014973569,0.0015211133,0.0015326571,0.0014367122
0.0015412454,0.0014685285,0.0014867898,0.0014927285,0.0015143743,0.0015267675,0.0014323149
0.0015378945,0.0014647093,0.0014803082,0.0014873627,0.0015127885,0.0015227693,0.0014284892
0.0015346984,0.0014625209,0.0014759455,0.0014843701,0.0015085951,0.0015168807,0.0014251948
0.0015259952,0.0014592793,0.0014674682,0.0014808722,0.0015034326,0.0015109826,0.0014218278
0.0015249624,0.0014581967,0.0014586705,0.0014774011,0.001502277,0.0015035038,0.0014213239
0.0015221814,0.0014566026,0.0014566621,0.0014760676,0.0014990066,0.0014741363,0.0014132694
0.0015121009,0.0014525183,0.0014529475,0.0014656495,0.0014976478,0.0014682236,0.0014115307
0.0015090257,0.0014507,0.0014495619,0.0014636825,0.0014890276,0.0014645273,0.0014081714
0.0015072701,0.0014440211,0.0014380278,0.0014592344,0.0014860844,0.0014613098,0.0014050766
0.001494901,0.0014424542,0.001432618,0.0014560279,0.0014757484,0.0014542526,0.0013969654
0.0014925081,0.0014394816,0.0014237144,0.0014516829,0.0014671971,0.0014501228,0.0013923683
0.0014896875,0.001437595,0.0014200351,0.0014502073,0.0014544947,0.0014470503,0.0013891186
0.0014817708,0.0014341583,0.0014155514,0.0014384703,0.0014444044,0.0014352144,0.0013844017
0.001474945,0.0014306752,0.0014111655,0.0014319094,0.0014443102,0.0014334942,0.0013812792
0.0014735749,0.0014290323,0.0014052361,0.0014279351,0.0014376941,0.0014303897,0.0013811011
0.0014664482,0.0014251396,0.0014044265,0.0014236278,0.0014315489,0.0014287279,0.0013791788
0.0014630357,0.0014224588,0.0014018904,0.0014205617,0.0014280237,0.0014142237,0.0013771962
0.0014608261,0.0014199439,0.0013937525,0.0014194205,0.0014258162,0.0014120943,0.0013668233
0.0014568883,0.0014125275,0.0013900275,0.0014156887,0.001424396,0.0014100323,0.001362862
0.0014472452,0.001409749,0.0013871557,0.0014127935,0.0014163036,0.0014067492,0.0013621865
0.0014444147,0.0014076909,0.0013849953,0.0014074587,0.0014147764,0.0014055644,0.0013585855
0.0014414736,0.0014067362,0.0013801904,0.0014048136,0.00140946,0.001404183,0.0013552549
0.0014374213,0.00140228,0.0013771264,0.0013996512,0.0014024297,0.0013980872,0.0013528162
0.0014351208,0.0014013707,0.0013701282,0.001393934,0.001399965,0.0013971422,0.0013439658
0.0014310569,0.0013963692,0.0013675917,0.0013908106,0.001397356,0.0013962972,0.0013414905
0.0014260515,0.001391938,0.0013656893,0.0013903254,0.001391542,0.0013916641,0.0013339217
0.001421519,0.0013910555,0.0013610895,0.0013799879,0.0013830428,0.0013898462,0.0013303951
0.0014134208,0.0013857766,0.0013555278,0.0013778328,0.0013814757,0.0013879403,0.0013260766
0.0014075005,0.0013833892,0.0013518332,0.0013737165,0.0013765679,0.0013818302,0.001321393
0.0014045467,0.0013796882,0.0013470773,0.0013648687,0.0013752987,0.0013779706,0.0013166065
0.0014037488,0.0013771183,0.0013425982,0.0013601825,0.0013688513,0.001374744,0.0013120787
0.0013979418,0.0013715271,0.0013404764,0.0013587133,0.0013651176,0.0013708428,0.0013112157
0.0013965793,0.0013705413,0.0013386271,0.0013571474,0.0013595299,0.0013650628,0.0013070805
0.0013904494,0.0013674966,0.0013362465,0.0013507996,0.0013524056,0.0013609269,0.0013052212
0.001388103,0.0013629597,0.0013345614,0.0013469465,0.0013511614,0.0013575316,0.0013035166
0.0013813674,0.0013575637,0.001328207,0.0013462799,0.0013481891,0.0013518711,0.0012997363
0.0013803137,0.0013559556,0.001326713,0.0013398646,0.0013391046,0.0013473777,0.0012981319
0.0013771843,0.0013484468,0.0013228336,0.0013342979,0.0013340012,0.0013450915,0.0012941282
0.0013743159,0.001343173,0.0013213828,0.0013310626,0.0013267819,0.001340191,0.0012912131
0.0013698476,0.0013351564,0.0013143376,0.0013286342,0.0013224646,0.0013391507,0.0012904857
0.0013659385,0.0013290709,0.0013106966,0.0013251026,0.0013186632,0.0013332044,0.0012890606
0.001360796,0.0013285725,0.0013083225,0.0013205183,0.0013178672,0.0013289773,0.0012852972
0.0013583523,0.0013244703,0.0013028723,0.0013179858,0.0013087249,0.0013249855,0.0012843944
0.0013571181,0.0013230277,0.0013010782,0.0013165624,0.0013047421,0.0013228109,0.001282417
0.0013542564,0.0013179848,0.0012978608,0.0013120817,0.0013020956,0.001318487,0.0012794429
0.0013513225,0.0013163965,0.0012959033,0.001309071,0.0012953831,0.0013176044,0.0012777654
0.0013448736,0.0013127094,0.0012914361,0.0013085562,0.0012909974,0.0013172448,0.0012757996
0.0013413404,0.001310949,0.0012891291,0.0013062351,0.0012849442,0.0013061462,0.0012726563
0.0013386472,0.0013083371,0.0012870388,0.0013032926,0.0012795591,0.0013058165,0.0012708423
0.0013353679,0.0013007232,0.0012824808,0.0013009,0.0012741457,0.0013045382,0.0012705055
0.0013309682,0.0012989402,0.0012811236,0.0012966414,0.0012687508,0.0013005902,0.0012678839
0.0013284944,0.0012966205,0.0012808521,0.0012929195,0.0012609606,0.0013004469,0.0012649936
0.0013214534,0.0012960045,0.0012731691,0.0012913436,0.0012556837,0.0012974762,0.001264155
0.0013202825,0.0012889315,0.0012721332,0.0012870815,0.0012494024,0.0012956887,0.0012614648
0.0013136336,0.0012866538,0.0012687334,0.0012869696,0.0012489957,0.0012933047,0.0012601692
0.0013102898,0.0012781249,0.0012669646,0.0012829289,0.0012470958,0.0012904329,0.0012555819
0.0013086424,0.0012745033,0.0012647001,0.0012770633,0.001242563,0.0012843995,0.0012507134
0.0013067967,0.0012703962,0.0012615467,0.0012744307,0.0012400764,0.0012794543,0.0012478528
0.0013045728,0.0012674964,0.001255072,0.0012728375,0.0012387662,0.0012762764,0.0012463535
0.0013000657,0.0012664666,0.0012536015,0.0012682786,0.0012346981,0.0012720687,0.0012418687
0.0012997079,0.001262052,0.0012503521,0.0012670397,0.0012325865,0.0012675329,0.0012363759
0.0012927918,0.0012580815,0.0012476193,0.0012604262,0.00123072,0.0012637039,0.0012350581
0.0012908833,0.0012574838,0.0012443486,0.001256437,0.0012271629,0.001261804,0.0012337324
0.0012868225,0.0012535566,0.001243164,0.001255364,0.0012238465,0.0012606208,0.0012297878
0.0012820696,0.0012528731,0.0012426312,0.0012529065,0.0012227885,0.0012573925,0.0012288938
0.0012809419,0.0012513105,0.0012354108,0.0012501942,0.001216527,0.0012528944,0.0012254786
0.0012757805,0.0012462536,0.0012344967,0.0012476223,0.001214137,0.001249754,0.0012222591
0.001272976,0.0012440443,0.00122878,0.0012462185,0.0012110053,0.0012492822,0.0012195352
0.0012694558,0.0012419446,0.0012281322,0.0012422457,0.001207751,0.0012468864,0.0012124778
0.0012675226,0.0012408481,0.0012245433,0.0012394474,0.0012049233,0.0012446179,0.0012099578
0.0012655174,0.001234874,0.0012204885,0.0012379759,0.0012036879,0.0012423799,0.001208457
0.0012620703,0.0012319984,0.0012185653,0.0012370942,0.0012009427,0.0012380565,0.0012055268
0.0012600104,0.0012302422,0.0012147938,0.0012329458,0.001199594,0.001235876,0.0012032671
0.00125898,0.0012283677,0.0012117196,0.00122671,0.0011949464,0.0012317471,0.0012013495
0.0012542444,0.0012259822,0.001211376,0.0012257118,0.0011924714,0.0012298548,0.0012000502
0.0012528755,0.0012245544,0.0012074035,0.0012248186,0.0011869298,0.0012266776,0.0011970276
0.0012482012,0.0012216632,0.0012043501,0.0012216956,0.0011861192,0.0012226397,0.0011958146
0.001243719,0.0012203737,0.0012006906,0.0012206443,0.0011808537,0.001219824,0.0011916386
0.0012426953,0.0012192265,0.0011971913,0.0012191164,0.0011792566,0.0012167768,0.0011905971
0.0012373365,0.0012164854,0.0011957189,0.0012150999,0.0011767941,0.001210161,0.0011883385
0.0012351853,0.0012120024,0.0011929655,0.0012135474,0.0011744458,0.001208877,0.0011837047
0.0012300535,0.0012112574,0.00119165,0.0012122019,0.001173078,0.0012072397,0.0011818772
0.0012284676,0.001207078,0.0011897943,0.0012105772,0.0011672504,0.00120549,0.0011808737
0.0012261383,0.0012054406,0.0011869401,0.0012093587,0.0011660208,0.0012025001,0.0011781863
0.0012220473,0.0012018138,0.0011864075,0.0012062183,0.0011653128,0.0011999434,0.0011762399
0.0012183401,0.0012006263,0.0011804919,0.0012026719,0.0011598634,0.0011977267,0.001174912
0.0012182125,0.0011999306,0.0011789693,0.0012001585,0.0011586387,0.0011933408,0.0011747235
0.0012133666,0.0011968125,0.0011781581,0.001196892,0.0011562777,0.0011918014,0.001170716
0.0012105026,0.0011931165,0.0011742401,0.0011940956,0.0011555537,0.0011888854,0.0011704204
0.0012098604,0.0011906923,0.0011737038,0.0011918375,0.0011503679,0.0011853377,0.0011649089
0.0012063188,0.0011894535,0.0011708076,0.0011906434,0.001146553,0.0011836225,0.0011623948
0.0012032207,0.0011870128,0.0011683054,0.001187619,0.0011450856,0.0011803102,0.0011594399
0.0012005453,0.0011833564,0.0011672556,0.0011861911,0.0011433462,0.0011796183,0.0011563111
0.0011979811,0.0011822765,0.0011639431,0.0011822663,0.0011399047,0.0011744223,0.0011561569
0.0011939297,0.0011797951,0.0011625169,0.0011792732,0.0011388202,0.0011714976,0.0011543909
0.0011888829,0.0011789141,0.0011602951,0.0011753121,0.0011365642,0.001170209,0.001152143
0.0011864797,0.0011761913,0.0011592645,0.001173301,0.0011349007,0.001168448,0.0011501776
0.0011833719,0.0011722978,0.0011588229,0.001172527,0.0011330465,0.0011678955,0.0011480426
0.0011809843,0.0011706331,0.0011534374,0.0011688843,0.0011312723,0.0011659677,0.0011441848
0.001178222,0.0011668176,0.0011514158,0.0011678132,0.0011300038,0.0011631908,0.0011405393
0.0011765468,0.0011641199,0.0011496184,0.0011639621,0.0011285208,0.0011613312,0.0011392282
0.0011731162,0.0011628893,0.0011489158,0.0011623047,0.0011222498,0.0011602987,0.0011370421
0.0011703245,0.0011597628,0.001145515,0.0011569376,0.0011214275,0.0011569433,0.0011361116
0.0011678314,0.0011585542,0.00114413,0.0011549514,0.001120353,0.0011552816,0.0011344538
0.0011667442,0.001157243,0.0011417586,0.0011532826,0.0011196154,0.0011503659,0.0011321916
0.0011650551,0.001151514,0.0011400231,0.001150265,0.0011164156,0.0011497948,0.0011299957
0.0011588729,0.0011481304,0.0011356476,0.0011476806,0.0011135385,0.0011481553,0.0011271912
0.0011570443,0.001146295,0.0011347779,0.0011431476,0.0011121716,0.0011458844,0.0011256352
0.0011543576,0.0011440282,0.0011333955,0.0011417569,0.0011106256,0.0011432056,0.001125087
0.0011534614,0.0011413906,0.0011306892,0.001136813,0.0011064844,0.0011417746,0.001123679
0.0011524325,0.0011397045,0.0011279734,0.0011348289,0.0011044871,0.0011404135,0.0011222658
0.001148537,0.0011365243,0.0011259502,0.0011341268,0.0011018565,0.0011377034,0.0011181511
0.0011474865,0.001135919,0.001124358,0.0011305402,0.0010993095,0.0011360255,0.0011155703
0.0011463804,0.001130489,0.0011233223,0.0011292663,0.0010977972,0.0011354717,0.0011135299
0.001141407,0.0011298922,0.0011211934,0.001127531,0.0010942717,0.0011343473,0.0011115683
0.0011406941,0.0011286476,0.0011183001,0.0011270375,0.0010911712,0.0011320601,0.0011063
0.0011380181,0.0011263131,0.0011156182,0.0011249247,0.0010902638,0.0011307826,0.0011049644
0.001135689,0.0011254391,0.0011130882,0.0011216401,0.0010849129,0.001128384,0.001103124
0.0011323736,0.001124606,0.0011095417,0.0011194119,0.00108337,0.0011277659,0.00110183
0.0011317866,0.0011225381,0.0011071652,0.0011189104,0.0010812132,0.0011260322,0.0010988603
0.0011286588,0.0011216267,0.0011053928,0.0011169765,0.0010794463,0.0011249101,0.0010972137
0.0011278207,0.001118332,0.0011047955,0.0011150391,0.0010784158,0.001121337,0.0010965362
0.0011265425,0.0011156906,0.0011033427,0.0011107189,0.0010744717,0.001119419,0.0010960911
0.0011252544,0.0011136656,0.0011017483,0.0011092835,0.0010725253,0.0011175373,0.0010943298
0.001123819,0.0011129414,0.0011010588,0.001108889,0.0010712754,0.0011129535,0.0010913871
0.0011200892,0.0011110607,0.0010973089,0.0011074203,0.0010683234,0.0011120392,0.001089015
0.0011193414,0.0011097773,0.0010966556,0.001102149,0.0010646518,0.0011103457,0.0010877196
0.001117722,0.0011081593,0.0010956302,0.0011014214,0.0010640403,0.0011102096,0.0010863913
0.0011150808,0.0011044871,0.0010938615,0.0010985811,0.0010624777,0.0011090084,0.0010843673
0.0011145612,0.001103682,0.0010929268,0.001096971,0.0010585323,0.0011058163,0.0010839348
0.0011127151,0.0011006878,0.0010918896,0.0010960409,0.0010564268,0.0011028867,0.0010806733
0.0011103617,0.0010995757,0.0010895291,0.0010926852,0.0010560661,0.0011010175,0.0010799876
0.0011081239,0.0010974802,0.0010872259,0.0010915541,0.0010538416,0.001100241,0.0010782607
0.0011056649,0.0010939585,0.0010853874,0.0010911773,0.0010493262,0.0010977013,0.0010768571
0.0011046152,0.0010906094,0.0010841509,0.0010878119,0.0010479215,0.0010961661,0.0010727923
0.0011021489,0.0010896273,0.0010824804,0.001085847,0.0010448038,0.0010959299,0.0010720597
0.0010961683,0.0010868617,0.0010790887,0.0010842277,0.0010425042,0.0010913792,0.0010711959
0.0010951499,0.0010846851,0.0010786798,0.0010815,0.0010409866,0.001088142,0.0010688632
0.0010930563,0.0010805773,0.001076898,0.001079754,0.0010381584,0.0010862802,0.0010684584
0.0010915187,0.0010776437,0.0010742614,0.0010774472,0.0010363202,0.0010849228,0.0010679655
0.0010892799,0.0010771868,0.0010727912,0.0010762804,0.001032867,0.0010839629,0.0010653948
0.0010877011,0.0010723314,0.001070349,0.0010739765,0.0010321977,0.0010822713,0.0010642686
0.0010852742,0.0010720097,0.0010696256,0.0010721472,0.0010314744,0.0010818528,0.0010635752
0.0010849718,0.0010700007,0.0010674103,0.0010710773,0.0010301456,0.0010814586,0.0010619276
0.0010816585,0.0010667117,0.0010670086,0.001069838,0.0010284613,0.0010794435,0.0010613244
0.0010759406,0.0010657783,0.0010644703,0.001068021,0.0010249635,0.0010768,0.0010591615
0.0010755282,0.0010634436,0.00106332,0.001065299,0.0010229973,0.0010752786,0.0010578313
0.0010730935,0.0010619642,0.0010612439,0.0010621954,0.0010199419,0.0010730093,0.001054821
0.0010714087,0.0010596792,0.0010596212,0.0010606571,0.0010173483,0.0010707243,0.0010533297
0.0010707785,0.0010592341,0.0010580554,0.0010590984,0.0010130309,0.0010692246,0.0010528456
0.0010683035,0.0010570808,0.0010558128,0.0010585919,0.0010110417,0.0010672497,0.001051368
0.0010667343,0.0010540513,0.0010548044,0.0010547948,0.0010095161,0.0010662893,0.001049049
0.0010655374,0.0010501102,0.0010538597,0.0010533162,0.001009237,0.0010654447,0.0010474896
0.0010600867,0.0010496733,0.0010517993,0.0010526328,0.0010068472,0.001064279,0.0010461422
0.0010594501,0.0010473876,0.001050689,0.0010509326,0.0010062736,0.0010614442,0.0010457048
0.0010583797,0.0010468328,0.001048423,0.0010487954,0.0010044207,0.0010580003,0.0010428971
0.0010576484,0.0010454138,0.0010467042,0.0010468825,0.0010039858,0.0010575394,0.0010421464
0.0010540962,0.0010429842,0.0010457598,0.0010458027,0.0010016173,0.0010569043,0.0010410862
0.0010532455,0.0010421699,0.0010437322,0.0010447045,0.000999244,0.0010555655,0.0010391877
0.001051332,0.0010412454,0.0010422327,0.0010424868,0.0009983828,0.0010539667,0.001037874
0.0010507789,0.0010392205,0.001041758,0.0010416812,0.00099712,0.0010527069,0.0010370745
0.0010472097,0.0010369058,0.0010399492,0.0010399845,0.0009950664,0.0010504711,0.0010367255
0.0010465282,0.0010350219,0.0010385183,0.0010389953,0.0009929929,0.0010486412,0.001035876
0.0010445819,0.0010325101,0.0010353797,0.0010376876,0.0009910717,0.0010484898,0.0010348848
0.0010420124,0.0010317559,0.001034246,0.0010346238,0.0009892498,0.0010459716,0.0010322039
0.00104077,0.0010301333,0.0010329665,0.0010326634,0.0009889415,0.0010446614,0.001029454
0.0010402531,0.0010276657,0.001031427,0.0010308208,0.000986611,0.0010410151,0.0010273729
0.0010380491,0.0010256522,0.0010293217,0.0010287537,0.0009861044,0.0010389796,0.0010267483
0.0010367506,0.0010221786,0.0010287019,0.0010277502,0.0009839325,0.0010383715,0.0010240395
0.0010321954,0.0010210683,0.0010269342,0.0010264827,0.0009826305,0.0010364095,0.0010224923
0.0010310104,0.0010206712,0.001024439,0.0010260416,0.000980721,0.0010338529,0.0010222582
0.0010301246,0.001018799,0.0010221998,0.0010245652,0.0009796191,0.0010331256,0.0010207463
0.001029077,0.0010167208,0.0010199717,0.0010233169,0.0009786598,0.0010305322,0.0010185302
0.0010269189,0.0010126056,0.0010191142,0.0010218434,0.0009770876,0.0010297114,0.0010166899
0.0010256647,0.0010113844,0.0010175561,0.0010210252,0.0009750013,0.0010279408,0.0010161845
0.0010246844,0.0010109561,0.0010143772,0.0010182584,0.0009714341,0.0010258629,0.001015326
0.0010228852,0.0010087551,0.0010123807,0.0010158321,0.0009707565,0.0010230888,0.0010139256
0.0010216522,0.0010068652,0.0010112679,0.0010135216,0.00096759317,0.001019711,0.0010125452
0.0010172686,0.001006396,0.0010098921,0.001012381,0.0009655548,0.0010181993,0.0010121176
0.0010163536,0.0010051882,0.0010083092,0.0010107112,0.00096469827,0.0010165712,0.0010109245
0.0010154186,0.0010043388,0.0010068209,0.0010081712,0.00096290896,0.0010140117,0.0010096611
0.0010138243,0.0010036639,0.0010049719,0.0010066847,0.0009622143,0.001012803,0.0010079523
0.0010117145,0.001000784,0.0010040802,0.0010055304,0.00096070016,0.0010122964,0.0010070406
0.001010867,0.0010005303,0.0010011686,0.0010047826,0.0009604255,0.0010120673,0.0010067762
0.0010091313,0.0009980823,0.0009989823,0.0010031072,0.00095783646,0.0010100455,0.0010050306
0.001007819,0.0009973281,0.0009980364,0.0010019089,0.0009564184,0.0010096404,0.0010048426
0.0010066218,0.0009970752,0.0009965946,0.0009996699,0.00095409085,0.0010072406,0.0010041349
0.0010049517,0.0009958099,0.0009964242,0.0009984609,0.0009526348,0.0010053144,0.0010032869
0.0010043214,0.0009938055,0.0009935685,0.0009972779,0.00095206517,0.0010028773,0.0010026913
0.0010022889,0.000992721,0.0009923618,0.0009955006,0.00094940554,0.001001238,0.0010010183
0.0010009449,0.0009894405,0.00099118,0.0009937509,0.0009480972,0.000999817,0.000999344
0.0009989728,0.0009889044,0.0009905897,0.0009922939,0.00094723346,0.0009993721,0.0009988485
0.0009980224,0.0009879952,0.000987262,0.0009917092,0.00094451744,0.0009980146,0.0009954859
0.0009973807,0.000986683,0.000986733,0.0009898304,0.00094265677,0.0009956303,0.0009942803
0.0009942503,0.0009850757,0.0009853083,0.0009873897,0.0009415827,0.0009953112,0.0009924393
0.0009932329,0.0009849173,0.0009843102,0.0009867802,0.00094028143,0.0009944522,0.0009923051
0.0009915698,0.0009834667,0.000983503,0.0009861192,0.0009390203,0.000993025,0.0009899872
0.0009905183,0.0009816547,0.000981619,0.000984512,0.0009367591,0.0009925727,0.0009889378
0.0009897326,0.0009803078,0.0009802338,0.000982658,0.00093648647,0.000991113,0.0009878488
0.0009873566,0.0009778049,0.0009784134,0.0009803973,0.000935647,0.0009890524,0.0009869987
0.0009870203,0.0009768753,0.0009766305,0.0009792001,0.00093465793,0.000987929,0.0009855039
0.0009855123,0.0009755459,0.0009751306,0.0009779528,0.0009326124,0.0009866816,0.0009853233
0.0009848817,0.0009733555,0.0009728247,0.0009772851,0.0009308883,0.0009840785,0.000983855
0.0009823962,0.0009728304,0.0009709656,0.0009768558,0.0009294308,0.0009835402,0.0009834
0.0009807437,0.0009719046,0.0009702994,0.00097468175,0.0009282264,0.0009830575,0.0009821648
0.000979883,0.0009684785,0.00097025995,0.00097237143,0.00092677865,0.0009816424,0.0009817947
0.0009777532,0.000967291,0.0009689201,0.00097116316,0.00092541974,0.0009798962,0.0009806844
0.000977253,0.00096650433,0.0009679045,0.0009695738,0.0009237689,0.0009794834,0.000977847
0.00097418064,0.00096419756,0.0009657261,0.0009679567,0.00092312566,0.0009777446,0.0009774134
0.0009723361,0.0009637376,0.000965183,0.00096706074,0.00092179433,0.0009772752,0.00097515155
0.00097167864,0.0009621753,0.00096393854,0.00096625567,0.00091997045,0.0009754089,0.0009747471
0.00097100355,0.000961903,0.0009617699,0.000964659,0.00091897376,0.0009741239,0.00097405585
0.0009679302,0.00096021465,0.00096151524,0.0009613362,0.000918384,0.0009718871,0.0009725754
0.0009665159,0.00095959665,0.00095956045,0.0009603279,0.00091658096,0.0009711258,0.0009714951
0.0009652329,0.00095904217,0.00095708657,0.0009592389,0.00091529725,0.000969688,0.0009708183
0.00096297235,0.0009573295,0.0009559541,0.0009585286,0.0009131315,0.000968953,0.00096840085
0.00096276833,0.00095537305,0.0009554647,0.00095637556,0.00091297255,0.0009673615,0.0009671072
0.00096205383,0.00095401093,0.00095419446,0.00095500523,0.0009114797,0.000966386,0.00096537475
0.0009601693,0.0009526323,0.00095291465,0.00095422304,0.0009106212,0.0009643797,0.00096399407
0.0009592159,0.0009519401,0.0009523364,0.0009509618,0.0009084229,0.0009632242,0.00096247706
0.0009577707,0.0009510407,0.00095037266,0.00095001777,0.0009078866,0.00096098403,0.00096152717
0.0009559956,0.0009503979,0.00094938825,0.0009498866,0.0009057338,0.00095960347,0.0009613203
0.00095458125,0.0009490923,0.0009480365,0.0009491946,0.0009045972,0.00095847825,0.00095910946
0.00095303904,0.0009481915,0.0009468952,0.00094759394,0.00090376317,0.00095667323,0.0009573433
0.00095204695,0.00094752136,0.0009457526,0.00094545895,0.00090300577,0.0009565113,0.0009565494
0.0009507852,0.0009459278,0.0009440077,0.0009427929,0.0009010243,0.00095618644,0.000954571
0.0009491532,0.00094546244,0.00094272,0.00094126584,0.00089996465,0.0009547779,0.00095357146
0.00094884296,0.00094449706,0.00094131846,0.00094038545,0.00089895807,0.0009526702,0.0009527717
0.00094770355,0.0009435166,0.00094005215,0.0009401522,0.00089728157,0.0009512711,0.0009511408
0.0009472266,0.00094141933,0.0009386672,0.0009392401,0.00089696696,0.00095076824,0.00094998314
0.0009437621,0.0009413647,0.0009369617,0.00093808473,0.00089647813,0.0009504144,0.0009492832
0.00094298413,0.0009403729,0.0009366037,0.00093624624,0.0008944652,0.0009499762,0.0009481236
0.0009420679,0.0009396591,0.0009336455,0.00093477237,0.0008932125,0.00094686664,0.0009462434
0.0009407614,0.00093855214,0.00093268295,0.00093280687,0.00089217094,0.0009455442,0.0009450188
0.00093920645,0.0009377368,0.00093142514,0.00093167706,0.00089141,0.00094478484,0.0009438707
0.00093783607,0.0009363793,0.0009294958,0.0009305767,0.0008893953,0.00094410597,0.0009428037
0.00093686953,0.0009354376,0.0009292624,0.0009299166,0.0008888873,0.0009430357,0.00094267377
0.0009346188,0.0009345401,0.00092905737,0.0009286562,0.0008872337,0.00094197143,0.00094198954
0.000933345,0.0009334256,0.00092759304,0.00092752895,0.0008863547,0.0009406679,0.0009407851
0.0009314624,0.0009321363,0.0009263362,0.00092691666,0.0008856238,0.0009398514,0.0009395016
0.000930651,0.0009306595,0.00092506886,0.0009249602,0.0008834536,0.00093872513,0.0009385319
0.0009294619,0.00093034975,0.00092342397,0.00092438847,0.0008819881,0.00093799335,0.0009383077
0.00092850224,0.0009292429,0.00092308474,0.0009227099,0.0008813481,0.0009354115,0.0009367829
0.0009276546,0.00092767825,0.00092137384,0.0009224645,0.0008808168,0.00093457283,0.0009363444
0.0009241923,0.000926928,0.00092026405,0.00092197227,0.0008789202,0.00093397044,0.0009361957
0.00092378794,0.0009261137,0.0009182135,0.0009199447,0.0008773825,0.0009312984,0.00093451724
0.00092273863,0.00092343247,0.00091694837,0.0009195607,0.000877004,0.0009311448,0.0009338667
0.0009209254,0.0009228818,0.00091643375,0.00091805053,0.0008768433,0.00092906837,0.0009335656
0.00091872056,0.00092151045,0.00091519643,0.0009164221,0.0008759359,0.0009278177,0.0009312895
0.0009168398,0.0009190932,0.0009135055,0.0009153125,0.0008747082,0.00092764455,0.00093007897
0.0009154196,0.00091830565,0.0009129016,0.00091506453,0.0008736208,0.0009265308,0.00092951785
0.00091492647,0.00091726537,0.00091128406,0.0009128223,0.00087223836,0.0009257392,0.00092859974
0.0009139537,0.00091645884,0.0009108975,0.000912666,0.00087165815,0.0009249677,0.00092759996
0.00091171963,0.0009154847,0.00091050577,0.0009115131,0.00087116665,0.0009239713,0.00092687743
0.000910702,0.00091455516,0.0009094445,0.00091015367,0.0008703315,0.0009213628,0.0009266482
0.0009103187,0.00091388024,0.0009081929,0.00090773555,0.0008683464,0.00092116924,0.000925924
0.0009090954,0.0009132507,0.00090659625,0.00090703066,0.0008679429,0.00092020666,0.00092547195
0.00090816966,0.00091241085,0.00090522046,0.000905441,0.0008661563,0.0009191346,0.00092377636
0.0009073616,0.0009108068,0.0009038269,0.0009040245,0.0008655843,0.0009187322,0.00092235336
0.0009059147,0.00091004686,0.0009036016,0.0009036482,0.0008646933,0.00091756403,0.000921485
0.00090520876,0.0009082741,0.0009022517,0.00090265536,0.00086465105,0.00091620133,0.00092004146
0.00090488576,0.0009079564,0.0009012263,0.0009011013,0.00086397637,0.0009158764,0.0009185645
0.00090421824,0.0009071637,0.0009004399,0.00090086577,0.0008628095,0.00091566995,0.0009180194
0.00090316497,0.000906091,0.00089949707,0.0008987665,0.0008624727,0.00091521983,0.0009162012
0.0009006275,0.0009056586,0.00089836324,0.0008980728,0.00086056895,0.00091302564,0.0009161224
0.0008991156,0.00090443,0.00089681405,0.0008958041,0.00085930066,0.000912354,0.00091580965
0.0008975634,0.0009022441,0.00089591055,0.00089472946,0.00085844117,0.00091199094,0.0009133931
0.0008968088,0.0009017888,0.0008948726,0.00089447945,0.0008573438,0.000909796,0.00091088295
0.00089530967,0.0009000552,0.0008945002,0.0008940792,0.0008560917,0.0009093053,0.0009097174
0.0008950277,0.0008994908,0.00089349406,0.00089257944,0.00085521815,0.0009081697,0.0009088806
0.0008928782,0.0008986232,0.0008922816,0.00089142227,0.00085446466,0.0009055413,0.0009074221
0.0008922186,0.0008973079,0.0008892344,0.00089054747,0.00085381034,0.00090497936,0.000906998
0.0008920535,0.00089692354,0.00088892604,0.00088912185,0.0008531694,0.00090357475,0.00090518134
0.00089020695,0.00089641777,0.0008882204,0.0008878232,0.00085131807,0.0009026561,0.00090462127
0.00088990893,0.00089467916,0.0008876584,0.0008873159,0.00085112255,0.00090143137,0.00090389303
0.00088918913,0.00089416606,0.00088665826,0.0008871297,0.000850466,0.00090025377,0.0009028866
0.00088749925,0.0008932526,0.0008849528,0.0008857764,0.0008491854,0.0008990122,0.0009017692
0.00088696304,0.0008924263,0.0008838332,0.0008837493,0.0008489373,0.0008981536,0.00090093183
0.0008855809,0.0008923516,0.00088376534,0.0008830081,0.00084690313,0.00089724,0.0009001924
0.000885545,0.00089012587,0.0008822057,0.00088221737,0.000846507,0.0008945033,0.0008996558
0.000883762,0.00088934373,0.0008817086,0.00088157057,0.0008462259,0.0008942055,0.00089923997
0.00088346703,0.00088752614,0.0008807675,0.0008805361,0.0008451929,0.0008933832,0.00089896354
0.0008825814,0.00088640326,0.0008791192,0.0008779943,0.00084393186,0.00089218083,0.000896926
0.0008810964,0.00088572083,0.0008774092,0.0008776796,0.00084326003,0.0008920479,0.00089648477
0.0008801805,0.00088477624,0.00087686605,0.00087725784,0.0008421818,0.0008914168,0.0008960522
0.0008791801,0.0008835089,0.00087613263,0.00087513623,0.0008411206,0.00088864216,0.00089510874
0.0008782152,0.00088321837,0.0008755124,0.00087490486,0.0008405327,0.00088739855,0.0008937244
0.00087708473,0.00088145403,0.0008749204,0.00087312853,0.00084013544,0.00088626635,0.00089302746
0.00087705365,0.00088064256,0.00087413617,0.00087210693,0.00083894207,0.0008854645,0.0008922249
0.0008751323,0.0008802528,0.00087349606,0.0008706516,0.00083740114,0.0008829597,0.0008897374
0.00087425247,0.0008794161,0.0008726738,0.0008704598,0.0008369442,0.0008824526,0.00088863855
0.0008735792,0.0008791839,0.0008712706,0.00086844957,0.00083527504,0.0008813669,0.0008873206
0.0008718798,0.0008774911,0.00086952816,0.00086803455,0.00083506975,0.0008804814,0.0008865127
0.0008701455,0.0008759428,0.00086921,0.0008668908,0.0008337981,0.0008801744,0.0008848405
0.00086943345,0.00087537913,0.0008678693,0.000866107,0.0008334091,0.0008797727,0.0008841917
0.000868716,0.00087471947,0.00086738693,0.0008647602,0.0008329552,0.0008790258,0.00088369474
0.00086729636,0.00087425124,0.0008667108,0.0008638117,0.00083111716,0.0008783546,0.00088162126
0.00086700695,0.00087279535,0.0008655208,0.0008634068,0.0008307792,0.00087713334,0.00088013144
0.0008661248,0.00087134633,0.00086496654,0.0008623403,0.00083033665,0.0008767486,0.0008800188
0.0008644519,0.00087111065,0.000864663,0.0008618679,0.00082891085,0.0008760419,0.000877963
0.00086264237,0.00086987537,0.00086374243,0.0008609822,0.00082769996,0.00087516767,0.00087766227
0.0008614705,0.0008686698,0.0008614376,0.0008591092,0.0008270682,0.0008736644,0.00087714836
0.0008614524,0.00086833513,0.00086061715,0.0008579002,0.0008265261,0.0008733577,0.00087501813
0.0008598084,0.0008677475,0.00085982773,0.0008570678,0.00082502613,0.0008728232,0.0008743789
0.00085892325,0.0008664459,0.0008589705,0.0008565163,0.00082433585,0.0008713216,0.00087352743
0.0008588193,0.0008655165,0.0008585581,0.0008551787,0.00082285935,0.0008698468,0.0008731605
0.0008569364,0.0008647868,0.00085707946,0.00085419556,0.00082200003,0.00086871954,0.0008704575
0.0008561371,0.000864559,0.0008551836,0.0008538124,0.0008210445,0.0008675397,0.0008698395
0.00085568096,0.0008634814,0.0008544285,0.00085287826,0.00081952673,0.0008670971,0.0008687283
0.0008552192,0.0008622573,0.000854209,0.0008523155,0.0008191636,0.000863408,0.00086828193
0.00085366465,0.00086143194,0.0008532013,0.0008514462,0.00081829296,0.0008631002,0.00086750556
0.0008517208,0.00086019945,0.0008523813,0.00085107965,0.0008176549,0.0008627069,0.0008661972
0.000850944,0.0008598021,0.0008516626,0.00085032906,0.0008166677,0.00086195103,0.00086576195
0.00085009757,0.00085893535,0.00085092767,0.0008495692,0.0008163334,0.0008609493,0.0008649704
0.000848564,0.00085780036,0.00085004355,0.0008486801,0.0008150698,0.000860247,0.00086453196
0.0008478946,0.0008572776,0.00084807817,0.00084842416,0.0008146202,0.0008594848,0.00086373265
0.0008469959,0.0008567366,0.00084767677,0.00084755995,0.0008130557,0.0008588001,0.0008628962
0.00084646215,0.00085491006,0.00084665744,0.0008459711,0.00081264385,0.000858121,0.00086234923
0.0008456187,0.00085460884,0.0008459241,0.00084585603,0.0008122782,0.000856784,0.0008615764
0.0008451574,0.00085327565,0.0008444315,0.000844687,0.0008113211,0.00085628766,0.0008607683
0.0008447108,0.0008527009,0.00084348646,0.0008432909,0.0008103339,0.0008552778,0.00085899106
0.00084385654,0.0008516302,0.00084287487,0.0008421566,0.00080996746,0.0008535885,0.00085753715
0.00084224605,0.00085090124,0.0008419495,0.0008419325,0.00080827123,0.0008533146,0.0008570009
0.0008418258,0.00085072813,0.0008411278,0.0008414194,0.00080718595,0.00085202616,0.00085662963
0.00084055815,0.00085036654,0.00084052765,0.0008403798,0.0008066858,0.000851545,0.00085593265
0.00083937816,0.0008495106,0.0008395018,0.00083993515,0.0008063094,0.00085051433,0.00085505395
0.0008382953,0.0008481169,0.0008393682,0.0008382855,0.0008059363,0.0008497574,0.00085418345
0.0008377112,0.00084766577,0.00083801686,0.00083785824,0.00080510485,0.00084774196,0.0008538964
0.0008374651,0.0008469825,0.00083658705,0.0008368738,0.0008030284,0.00084681425,0.0008528627
0.00083524245,0.00084522873,0.0008355566,0.00083661004,0.00080252293,0.00084652606,0.00085281226
0.0008350971,0.00084381923,0.0008345297,0.00083597586,0.000801399,0.0008461849,0.00085110875
0.0008345511,0.00084316626,0.00083403604,0.00083377224,0.00080093544,0.0008454623,0.0008509892
0.0008332002,0.0008423229,0.0008335402,0.0008335008,0.00079998706,0.0008444367,0.0008495891
0.0008319702,0.00084171555,0.0008326478,0.0008323931,0.0007993667,0.0008443593,0.00084866636
0.0008315821,0.0008408527,0.0008320464,0.0008321067,0.00079911615,0.00084408117,0.00084823446
0.00083055807,0.00084016717,0.0008308126,0.0008311085,0.00079797447,0.00084297167,0.00084738276
0.0008289959,0.00083880976,0.00082982844,0.00082975824,0.00079767127,0.00084233674,0.00084712583
0.000827822,0.0008384965,0.0008296741,0.0008285671,0.0007963864,0.0008417326,0.0008466166
0.0008270906,0.0008378537,0.0008284,0.00082837924,0.0007955817,0.00084086513,0.00084601244
0.0008252462,0.00083623873,0.00082683587,0.00082734786,0.00079483725,0.00084027875,0.0008454499
0.0008242638,0.0008354691,0.000826606,0.00082700176,0.0007939706,0.00083966256,0.0008451666
0.0008230211,0.0008339998,0.0008249433,0.00082541787,0.0007933704,0.0008391236,0.00084479834
0.000822656,0.0008331624,0.0008247687,0.0008244391,0.0007922998,0.0008386393,0.0008441566
0.0008219357,0.0008328714,0.000823768,0.0008239525,0.0007911944,0.0008385021,0.0008436065
0.0008210019,0.000832287,0.0008229798,0.0008227502,0.00079064455,0.0008375356,0.00084279745
0.00082053704,0.0008308696,0.0008224432,0.0008223458,0.00079018925,0.000835314,0.0008425226
0.00081842014,0.00082998694,0.000820905,0.0008218634,0.00078961824,0.00083450036,0.0008423594
0.00081816147,0.00082952884,0.0008201437,0.00082077895,0.0007890335,0.00083402987,0.00084083655
0.0008172673,0.0008291686,0.00081879157,0.0008201228,0.00078881584,0.00083347474,0.00083950075
0.00081624434,0.0008286546,0.00081825303,0.00081968366,0.00078793144,0.0008327519,0.0008378369
0.00081521826,0.0008276629,0.0008178012,0.0008188602,0.00078737334,0.0008313826,0.00083761854
0.0008138519,0.0008267072,0.0008169263,0.00081832823,0.00078667223,0.00083099084,0.000836274
0.0008125401,0.00082504476,0.00081566564,0.0008175125,0.00078542647,0.0008305362,0.0008349544
0.0008118916,0.0008241219,0.0008155574,0.0008168709,0.00078471843,0.00082896266,0.00083446107
0.0008110666,0.0008236306,0.0008144519,0.0008163628,0.0007833346,0.0008281835,0.0008338412
0.0008097421,0.0008234234,0.0008141716,0.00081547425,0.0007828357,0.00082747,0.0008320564
0.000808958,0.0008220282,0.0008135936,0.0008147146,0.0007819641,0.0008268921,0.00083126646
0.0008082155,0.0008215664,0.0008121644,0.0008138206,0.00078061013,0.0008264284,0.0008307486
0.0008076225,0.00082103733,0.00081137643,0.0008134285,0.0007804656,0.0008250043,0.00082964665
0.0008073236,0.0008203494,0.00081067614,0.00081256416,0.00077865645,0.00082451693,0.0008289506
0.0008065199,0.000820037,0.0008101574,0.0008124578,0.000778548,0.0008237171,0.0008285216
0.0008056093,0.0008192385,0.0008090329,0.0008112804,0.00077755906,0.00082293694,0.000827788
0.0008051298,0.00081798364,0.00080786156,0.0008105736,0.00077730056,0.00082221295,0.0008267797
0.00080454163,0.00081690436,0.0008072822,0.00081021886,0.00077646447,0.0008217056,0.0008264991
0.0008036373,0.00081606355,0.0008069492,0.000808629,0.00077550724,0.00082111213,0.00082598353
0.00080255506,0.00081538263,0.00080621074,0.0008083151,0.0007748038,0.0008203229,0.0008251986
0.00080050115,0.0008150548,0.00080541155,0.00080768147,0.00077390205,0.0008194527,0.00082439394
0.0007994554,0.0008147199,0.0008050546,0.000806088,0.0007737967,0.0008191855,0.0008236788
0.00079886,0.00081316166,0.0008043347,0.00080553454,0.0007728542,0.0008171803,0.0008229139
0.0007979989,0.00081294903,0.00080324523,0.00080530683,0.00077245483,0.0008170873,0.0008225536
0.0007977592,0.0008122857,0.0008020648,0.0008044754,0.0007718812,0.0008168484,0.0008224306
0.0007965955,0.00081169873,0.0008011482,0.0008034567,0.0007711388,0.00081599236,0.00082126376
0.0007956544,0.0008106178,0.0008003731,0.0008023353,0.0007708117,0.0008151691,0.0008203478
0.000795364,0.00080951554,0.0007994696,0.0008021848,0.00077017164,0.00081460766,0.0008202664
0.0007940065,0.00080864166,0.00079859904,0.00080100395,0.0007696702,0.0008141294,0.0008188692
0.0007936419,0.0008081172,0.0007979614,0.00080048724,0.00076840224,0.00081394525,0.000818389
0.0007934957,0.00080704223,0.0007973291,0.0008002952,0.0007675433,0.000813137,0.0008176397
0.000792527,0.00080607773,0.00079642906,0.0007995988,0.0007673114,0.00081237487,0.00081734825
0.00079104473,0.00080516445,0.0007958814,0.0007989554,0.00076667144,0.0008111064,0.00081712444
0.00079061755,0.00080418267,0.00079500186,0.0007985063,0.00076589064,0.0008107496,0.00081619184
0.0007898514,0.00080318906,0.00079420896,0.0007970515,0.0007654333,0.00081005273,0.00081604725
0.00078923383,0.00080253003,0.0007935831,0.0007967188,0.00076458004,0.0008091774,0.000815052
0.0007882974,0.0008021411,0.0007932728,0.00079560664,0.0007643864,0.0008080442,0.00081440015
0.0007876414,0.00080151384,0.000791869,0.0007953055,0.0007636942,0.0008076394,0.0008143186
0.0007868267,0.00080067205,0.0007917975,0.0007950863,0.0007631598,0.000807429,0.0008134531
0.0007862044,0.00080016244,0.0007907455,0.00079391943,0.0007623137,0.0008072092,0.0008129807
0.0007854492,0.000799957,0.00078952353,0.00079347397,0.0007611603,0.00080591574,0.0008125407
0.00078422594,0.00079902366,0.000788771,0.0007929588,0.00076079316,0.0008054066,0.0008122775
0.00078371435,0.00079814246,0.0007876535,0.0007921173,0.00076068303,0.0008052044,0.0008118424
0.0007831318,0.000797821,0.0007870709,0.00079197885,0.00076022826,0.0008049551,0.0008111988
0.0007823956,0.0007967238,0.0007859093,0.00079084275,0.0007585882,0.0008040125,0.0008109491
0.0007803174,0.00079632876,0.00078504666,0.00079001166,0.0007574164,0.0008028534,0.0008108057
0.0007801885,0.0007959201,0.00078466657,0.0007897824,0.0007573545,0.0008024037,0.0008092836
0.0007783926,0.0007952028,0.0007843579,0.0007893024,0.00075701263,0.0008016833,0.0008088066
0.0007768095,0.00079441856,0.00078287494,0.0007884456,0.0007556846,0.00080136524,0.0008079713
0.0007761201,0.00079353433,0.00078202167,0.00078772695,0.0007546108,0.00080066535,0.0008077869
0.00077513425,0.0007934698,0.000781834,0.00078716583,0.0007541548,0.00079987856,0.0008076205
0.0007746614,0.0007921252,0.00078145874,0.00078618195,0.00075342983,0.000799686,0.00080685294
0.00077280524,0.000791668,0.0007803186,0.0007855405,0.0007528323,0.0007985728,0.00080641714
0.0007721877,0.00079125504,0.00077955925,0.0007849324,0.00075185066,0.00079796475,0.0008051926
0.0007717101,0.0007903485,0.00077928626,0.00078438484,0.0007515644,0.00079755596,0.0008047334
0.00077150756,0.0007897253,0.00077843823,0.0007836037,0.0007502389,0.0007969538,0.0008038645
0.0007713358,0.00078903587,0.00077813206,0.00078294874,0.0007500673,0.0007962925,0.00080329046
0.00077081646,0.0007882928,0.00077778904,0.00078166625,0.00074876443,0.00079611427,0.000802617
0.00077006355,0.00078715634,0.00077717693,0.00078133884,0.00074803364,0.0007955201,0.0008021362
0.0007692408,0.000786696,0.0007766715,0.0007805692,0.0007475343,0.0007944192,0.0008012382
0.0007690081,0.000785969,0.0007756195,0.0007794259,0.00074680673,0.0007942309,0.0008009519
0.00076812727,0.0007857995,0.0007749401,0.0007790202,0.0007461634,0.00079383777,0.0008008309
0.0007671653,0.0007852494,0.00077405246,0.0007780637,0.0007456239,0.00079326215,0.0007996425
0.0007662655,0.0007851776,0.00077385973,0.00077746075,0.00074513635,0.00079194637,0.0007995174
0.00076562725,0.00078368955,0.00077282824,0.0007772108,0.0007448843,0.00079132966,0.0007975011
0.0007650058,0.00078293274,0.00077234133,0.00077646616,0.0007434708,0.00079102314,0.00079723366
0.0007632683,0.0007824969,0.0007712918,0.00077616394,0.0007430932,0.00079066854,0.0007960502
0.0007629132,0.0007810674,0.0007701021,0.00077499746,0.00074288744,0.00079014205,0.00079577096
0.0007623668,0.0007801128,0.0007696014,0.0007749402,0.00074263156,0.0007892346,0.0007952931
0.00076214195,0.0007796845,0.00076899637,0.00077459216,0.000741643,0.0007889303,0.0007948145
0.00076078676,0.0007791058,0.000768006,0.00077328156,0.00074104953,0.0007885115,0.00079428445
0.0007597233,0.00077855715,0.00076747534,0.0007731291,0.00074079324,0.0007881143,0.0007935082
0.0007591645,0.00077722804,0.00076709123,0.00077245245,0.00073895184,0.000786891,0.00079256477
0.00075893424,0.0007768992,0.00076667446,0.00077141915,0.00073882734,0.0007862874,0.00079169025
0.00075837306,0.0007760916,0.0007664772,0.00077033637,0.00073802914,0.0007851523,0.0007912854
0.00075703394,0.0007759273,0.0007658538,0.00076968735,0.00073700125,0.0007848827,0.0007905931
0.0007563424,0.0007757507,0.00076457043,0.0007689528,0.0007363046,0.0007846603,0.0007902844
0.0007556737,0.000775029,0.00076449575,0.00076844334,0.0007356521,0.00078379817,0.0007897906
0.0007547792,0.00077391614,0.0007635693,0.00076765026,0.00073536567,0.0007830447,0.00078863767
0.000754596,0.0007735545,0.0007623349,0.00076710834,0.00073490717,0.0007826546,0.00078843447
0.0007534816,0.0007724421,0.00076201395,0.00076625,0.0007338449,0.00078191905,0.00078757753
0.0007530201,0.00077237625,0.0007611191,0.00076550496,0.0007332441,0.00078150723,0.0007870372
0.0007519542,0.00077094574,0.0007605202,0.0007653262,0.00073292287,0.0007809458,0.0007867424
0.00075069995,0.0007704491,0.00076006685,0.00076439604,0.000732016,0.00078022276,0.0007863926
0.0007499681,0.0007702727,0.00075939175,0.00076409295,0.00073136087,0.0007795047,0.0007858717
0.00074814213,0.0007696926,0.00075880444,0.0007638543,0.0007306794,0.00077930075,0.00078551134
0.00074769824,0.0007682997,0.0007586337,0.00076348655,0.0007301944,0.00077837304,0.0007850536
0.00074745476,0.0007679819,0.0007572132,0.0007628009,0.00072975986,0.0007781456,0.0007846591
0.0007466569,0.0007668243,0.00075690734,0.0007624698,0.0007289017,0.0007770945,0.0007841375
0.00074522075,0.00076650537,0.0007554723,0.00076205924,0.0007282358,0.0007766659,0.0007832294
0.0007442915,0.0007659347,0.0007545545,0.00076153805,0.00072789454,0.00077633467,0.00078297185
0.0007437851,0.0007653398,0.00075405877,0.00076101173,0.00072764396,0.00077545,0.0007823216
0.0007432466,0.00076500786,0.00075324153,0.00076001335,0.0007273092,0.0007747561,0.00078202516
0.0007428036,0.0007644876,0.00075234444,0.0007596323,0.0007267412,0.0007745245,0.00078145077
0.00074240385,0.00076409726,0.0007521764,0.0007583817,0.0007263399,0.00077425933,0.00078072306
0.00074139383,0.0007627219,0.0007519482,0.000757278,0.00072577334,0.00077364536,0.0007805773
0.0007407111,0.0007618238,0.0007512409,0.0007569451,0.00072511774,0.0007729157,0.0007801291
0.0007394817,0.000761023,0.0007506373,0.0007564133,0.00072457705,0.0007721521,0.00077920867
0.000738732,0.00076064665,0.0007497364,0.00075568777,0.00072425226,0.00077159517,0.0007786273
0.00073821045,0.0007599881,0.00074958504,0.00075515,0.0007236608,0.0007710169,0.0007786015
0.0007378936,0.00075926183,0.0007484443,0.00075392536,0.0007225976,0.00076999055,0.0007781106
0.0007367719,0.0007591945,0.00074733107,0.0007533758,0.000721961,0.0007692831,0.0007779974
0.0007354748,0.00075865147,0.0007472271,0.0007529863,0.00072186836,0.00076857663,0.0007769468
0.00073502626,0.0007571203,0.00074647204,0.0007526895,0.00072094845,0.0007678403,0.0007764565
0.0007343712,0.0007565994,0.0007457229,0.0007512704,0.0007202698,0.0007672508,0.0007757279
0.00073339505,0.0007560383,0.00074499217,0.00075063104,0.0007194517,0.0007668657,0.00077551254
0.00073248864,0.0007553853,0.0007442523,0.00075053517,0.0007191139,0.0007660201,0.00077482645
0.0007320334,0.0007547573,0.0007437934,0.00074930076,0.0007187498,0.00076525524,0.000774318
0.0007316134,0.00075454783,0.0007432381,0.000748661,0.0007179179,0.00076514675,0.0007736074
0.0007313959,0.0007536967,0.0007428972,0.0007480807,0.00071697467,0.00076447526,0.0007732346
0.0007305107,0.00075305643,0.00074263674,0.000747096,0.00071654125,0.00076304766,0.0007728207
0.00072975,0.0007524107,0.0007418971,0.0007463506,0.00071625155,0.0007620384,0.00077230623
0.000729045,0.0007517571,0.0007406957,0.00074571156,0.0007158609,0.0007612988,0.0007714633
0.0007286957,0.0007517144,0.0007404666,0.0007450831,0.0007149208,0.00076078443,0.0007708136
0.0007283601,0.00075104175,0.0007402229,0.000744484,0.00071413384,0.0007602979,0.00077045825
0.000727433,0.0007502202,0.00073929894,0.00074407633,0.0007139077,0.0007596208,0.00076902204
0.00072708365,0.00075008516,0.00073871674,0.00074371684,0.00071295066,0.00075894897,0.00076895696
0.0007258769,0.0007490969,0.00073801086,0.00074307,0.0007126607,0.0007583732,0.0007677399
0.000724771,0.00074860605,0.0007376052,0.0007421573,0.0007122483,0.0007576917,0.0007668049
0.00072392944,0.0007477481,0.00073705975,0.0007419797,0.0007119069,0.0007570658,0.0007663078
0.0007236579,0.0007471703,0.00073700526,0.0007416992,0.0007112235,0.0007568336,0.00076595735
0.0007228557,0.0007464002,0.0007363911,0.00074074673,0.0007109136,0.0007565187,0.0007654931
0.0007218576,0.00074600097,0.00073528674,0.000740281,0.0007104667,0.00075581984,0.0007644971
0.000720877,0.00074556674,0.0007344697,0.0007398003,0.0007098834,0.0007552397,0.000764293
0.0007198314,0.0007454046,0.00073415384,0.00073928543,0.00070973963,0.00075374794,0.0007634209
0.0007196817,0.0007448068,0.00073398295,0.0007390912,0.00070927996,0.000752677,0.0007630325
0.000718969,0.0007437299,0.0007329102,0.0007382397,0.00070872996,0.0007516309,0.0007626039
0.00071852526,0.0007431714,0.0007327677,0.00073782913,0.0007081411,0.0007515203,0.0007622304
0.0007174768,0.0007424483,0.0007317877,0.0007374565,0.0007074747,0.0007499832,0.00076152105
0.0007166338,0.000742262,0.0007309331,0.000737268,0.00070628466,0.0007497629,0.0007609572
0.0007158694,0.0007411019,0.00072930695,0.0007357615,0.0007057992,0.0007495498,0.00076048286
0.0007146484,0.0007400408,0.00072901556,0.0007351721,0.00070524885,0.00074932154,0.000759903
0.00071444386,0.0007394984,0.0007285141,0.0007348298,0.0007049577,0.0007483674,0.0007591158
0.00071379106,0.0007389209,0.0007278152,0.0007342245,0.00070428784,0.0007477932,0.0007589445
0.000713787,0.00073845463,0.00072744704,0.00073351694,0.0007040063,0.00074711366,0.00075870805
0.0007131493,0.00073790754,0.0007267115,0.00073319545,0.00070355897,0.00074679457,0.000758104
0.00071302545,0.00073720934,0.0007261113,0.0007319823,0.0007032174,0.00074637606,0.00075753656
0.00071181444,0.00073667325,0.0007259904,0.0007313514,0.00070218276,0.00074529997,0.00075668166
0.00071128015,0.00073591626,0.0007256866,0.00073104363,0.0007018883,0.00074450334,0.0007562692
0.00071003643,0.00073588383,0.0007248214,0.0007300717,0.0007016406,0.0007435692,0.0007556022
0.00070911617,0.0007353395,0.00072467676,0.00072988565,0.000700698,0.0007429765,0.00075519516
0.00070854195,0.00073499593,0.0007241745,0.0007292086,0.0007001597,0.00074271223,0.00075442693
0.0007079997,0.00073421095,0.0007232588,0.0007287913,0.0006992749,0.0007418451,0.00075403176
0.00070746365,0.0007333198,0.0007224515,0.00072787615,0.00069887744,0.0007414647,0.00075355964
0.00070670113,0.0007332101,0.00072110386,0.00072738493,0.00069841323,0.0007412133,0.00075348286
0.00070621516,0.00073240197,0.0007209012,0.00072681386,0.00069784396,0.00074088806,0.00075268303
0.0007057935,0.0007320657,0.0007203251,0.0007266427,0.0006975856,0.0007401688,0.0007519549
0.00070478,0.00073168555,0.00072022236,0.00072611735,0.00069652527,0.00073984446,0.00075135654
0.00070369954,0.0007312636,0.0007193983,0.00072574936,0.00069604744,0.0007392548,0.0007507551
0.00070334005,0.00073116354,0.00071900827,0.000725534,0.0006950183,0.00073824695,0.0007503019
0.0007027121,0.0007304869,0.00071879796,0.0007247894,0.0006949205,0.0007375428,0.00074968825
0.000701408,0.00072962005,0.0007182122,0.00072356826,0.000694517,0.0007365381,0.0007494158
0.0007009825,0.0007292217,0.0007171694,0.0007231814,0.00069407467,0.0007359462,0.00074909546
0.0007006337,0.0007289298,0.0007166942,0.0007229431,0.0006931198,0.0007355812,0.00074860593
0.0007003238,0.00072798424,0.00071648735,0.0007226705,0.0006930504,0.0007341112,0.00074831204
0.00070005906,0.0007278845,0.0007156768,0.0007215267,0.0006927526,0.0007339184,0.00074761437
0.0006995377,0.0007272043,0.0007152602,0.0007210861,0.00069181534,0.00073252054,0.00074671407
0.00069884595,0.00072706427,0.0007146801,0.00072080124,0.00069153873,0.0007320828,0.0007466071
0.0006980877,0.00072640745,0.0007138933,0.0007205921,0.0006907714,0.00073079084,0.00074617716
0.00069723366,0.00072567613,0.0007137317,0.00071989564,0.0006907069,0.0007300183,0.00074580667
0.00069667,0.00072564476,0.0007127754,0.00071929465,0.0006901422,0.00072969135,0.0007453937
0.00069608155,0.0007248106,0.00071211613,0.0007190575,0.00068996113,0.00072937703,0.00074464775
0.0006956005,0.0007241475,0.0007116357,0.0007179872,0.0006889012,0.0007290633,0.00074434263
0.0006948264,0.00072342105,0.0007112663,0.0007176765,0.00068731606,0.00072853384,0.0007441161
0.0006941773,0.00072324066,0.00071087,0.000716787,0.0006871366,0.0007283352,0.00074359967
0.00069353456,0.00072279846,0.0007101455,0.00071610487,0.0006869256,0.0007280643,0.00074331247
0.0006927679,0.000722056,0.0007098424,0.0007152932,0.0006856534,0.00072680577,0.0007429782
0.0006920578,0.0007212813,0.0007093681,0.00071408873,0.0006856042,0.00072612095,0.00074277236
0.0006911379,0.0007207921,0.0007089975,0.0007139805,0.00068523985,0.0007251392,0.0007422971
0.00069100654,0.00072034134,0.0007081047,0.0007129025,0.00068475114,0.00072456466,0.00074185274
0.00069028576,0.00072009896,0.00070770865,0.00071259716,0.00068415236,0.0007233904,0.000741317
0.0006898374,0.0007199226,0.00070741057,0.00071235164,0.0006835371,0.00072290114,0.00074080785
0.0006881587,0.00071929046,0.00070678274,0.0007115422,0.0006828749,0.00072221877,0.00074033893
0.00068774895,0.00071898446,0.0007062327,0.000711232,0.0006824234,0.0007219689,0.00073964393
0.0006875167,0.00071870675,0.0007057575,0.00071103114,0.0006815347,0.0007215048,0.0007391675
0.00068713975,0.00071771734,0.0007050353,0.00071000337,0.00068119384,0.0007204887,0.00073888525
0.00068694015,0.00071760215,0.0007045707,0.0007095365,0.0006802404,0.0007199544,0.0007378275
0.0006864737,0.0007168229,0.00070370303,0.0007084889,0.0006802187,0.0007196673,0.00073753257
0.0006855726,0.0007165332,0.0007033237,0.0007080109,0.00067990855,0.0007193444,0.00073674216
0.0006851325,0.00071605813,0.0007028468,0.0007078679,0.0006794511,0.000718768,0.0007363462
0.00068481476,0.00071558997,0.0007025448,0.00070705183,0.0006790275,0.0007184337,0.00073548674
0.0006836907,0.000715244,0.00070209184,0.0007065123,0.0006784944,0.0007175529,0.00073515443
0.0006833895,0.0007149907,0.0007017419,0.0007060368,0.0006780113,0.00071696093,0.0007349569
0.00068269303,0.0007143911,0.0007006962,0.0007056467,0.00067742704,0.00071662734,0.00073476386
0.0006825239,0.00071406807,0.0007002035,0.00070476066,0.0006767006,0.00071591424,0.0007341714
0.00068155705,0.00071348733,0.0006993738,0.0007044529,0.00067628844,0.0007154995,0.000733692
0.0006805212,0.000712402,0.00069894426,0.0007042732,0.0006759234,0.000714669,0.000733372
0.00068004197,0.0007122342,0.00069863815,0.0007035826,0.0006756584,0.0007142046,0.00073300157
0.0006798814,0.00071192044,0.0006981896,0.00070303096,0.00067503797,0.0007135281,0.0007324565
0.0006794495,0.00071089785,0.00069766253,0.00070282,0.00067444146,0.0007129251,0.0007322896
0.0006789632,0.0007102102,0.00069754425,0.00070238195,0.0006740674,0.00071204535,0.0007319497
0.0006780425,0.0007100473,0.00069662154,0.00070154533,0.000673753,0.00071148167,0.00073122064
0.00067745807,0.00070981274,0.00069594407,0.0007006108,0.00067281263,0.0007105582,0.00073102576
0.00067703886,0.00070919376,0.00069574424,0.00070034666,0.0006726026,0.0007105337,0.0007306825
0.0006765105,0.0007089087,0.0006946914,0.00070006156,0.00067205145,0.00070947356,0.00073006353
0.0006756612,0.00070821366,0.0006944556,0.0006998788,0.00067117094,0.00070894085,0.00072993635
0.00067514775,0.00070791226,0.0006938467,0.00069936505,0.0006710038,0.00070871133,0.00072962086
0.0006746292,0.0007073978,0.0006937057,0.00069877936,0.0006704453,0.00070812035,0.00072909007
0.00067439914,0.000706816,0.00069288595,0.00069782685,0.0006702325,0.0007073637,0.00072866847
0.0006733487,0.00070639723,0.000692542,0.0006970984,0.00066986296,0.0007065473,0.0007282072
0.00067283044,0.00070536643,0.00069212297,0.0006965229,0.00066942436,0.0007061016,0.00072795106
0.0006726251,0.0007051551,0.00069185434,0.0006961149,0.00066870375,0.0007054592,0.00072732253
0.00067180523,0.00070453476,0.00069125806,0.0006957905,0.000668078,0.00070442434,0.0007270175
0.00067114853,0.00070397323,0.00069105433,0.00069487176,0.00066787546,0.00070399063,0.0007261349
0.00067093264,0.0007038236,0.000690818,0.00069401565,0.0006671259,0.0007035306,0.000725886
0.00066998525,0.00070349674,0.00069059874,0.0006934976,0.0006663403,0.00070321676,0.00072545925
0.0006696245,0.0007033265,0.00069003855,0.00069310004,0.0006659995,0.00070282357,0.00072504015
0.0006685609,0.0007026408,0.00068894477,0.00069283444,0.00066554465,0.0007024673,0.00072445255
0.000668074,0.0007018142,0.0006889181,0.000692413,0.0006652663,0.00070217316,0.00072402065
0.0006673523,0.0007014444,0.00068866543,0.0006914441,0.00066462246,0.0007016614,0.00072388566
0.00066723005,0.0007010249,0.00068793586,0.0006907014,0.00066432706,0.0007012888,0.00072364224
0.0006663846,0.00070047256,0.0006877708,0.0006905047,0.0006637286,0.0007004482,0.0007226871
0.000666051,0.0007001575,0.0006867919,0.0006899652,0.0006630258,0.00070000504,0.00072236167
0.0006652919,0.00069962215,0.0006861622,0.0006897179,0.00066256797,0.0006996548,0.00072178995
0.0006649524,0.0006994595,0.00068600307,0.0006894334,0.000661923,0.0006989756,0.00072172453
0.00066437875,0.0006986248,0.00068576995,0.0006887988,0.00066148053,0.0006987119,0.0007214809
0.0006633311,0.00069792394,0.00068529963,0.0006881973,0.0006613059,0.0006978877,0.0007210366
0.0006630205,0.0006974658,0.0006850386,0.0006876744,0.0006608101,0.00069754326,0.00072066276
0.0006629081,0.0006973775,0.0006843167,0.00068732846,0.000660534,0.0006969871,0.00072020903
0.0006624889,0.0006966433,0.00068399333,0.00068695605,0.000660138,0.00069554633,0.00071978004
0.0006609782,0.0006963098,0.0006834158,0.0006860661,0.0006592557,0.0006949795,0.0007193094
0.00066095206,0.00069545925,0.00068292965,0.00068531814,0.00065869204,0.00069459964,0.00071908225
0.0006599192,0.0006950257,0.0006827754,0.000684739,0.00065814756,0.00069430715,0.00071861537
0.0006594334,0.0006947476,0.0006822123,0.0006845364,0.0006576241,0.00069364486,0.0007184861
0.00065909495,0.00069399725,0.0006820256,0.00068431825,0.0006573817,0.0006932648,0.0007178328
0.0006587529,0.0006935018,0.00068169145,0.00068381755,0.0006568767,0.00069272035,0.0007173111
0.000657963,0.0006933474,0.0006806858,0.0006835992,0.0006562997,0.00069235463,0.00071691396
0.0006572531,0.0006931436,0.00068021496,0.0006828636,0.00065552,0.00069220475,0.0007164588
0.0006566778,0.00069249765,0.0006800076,0.00068236986,0.0006550213,0.00069133006,0.0007160147
0.000656487,0.00069173373,0.00067978085,0.0006816838,0.0006548399,0.00069071265,0.00071600854
0.00065582,0.00069158786,0.00067929213,0.00068109424,0.00065428857,0.00069036003,0.00071538135
0.00065535965,0.00069081195,0.0006787839,0.0006808002,0.00065399584,0.00068998896,0.0007148897
0.0006544064,0.00069043034,0.00067855243,0.0006797625,0.00065371825,0.00068965537,0.0007144057
0.00065390015,0.00068984594,0.00067785825,0.0006795396,0.0006530647,0.0006890536,0.00071424583
0.00065360335,0.00068973773,0.0006777187,0.0006791669,0.0006526635,0.00068835163,0.0007142006
0.0006530944,0.0006890637,0.00067670963,0.0006787525,0.0006518707,0.0006882475,0.00071366417
0.0006527296,0.0006887496,0.00067626376,0.0006775825,0.0006514124,0.00068798993,0.00071341963
0.0006525028,0.0006882926,0.0006759019,0.00067738834,0.0006510235,0.0006878209,0.00071282586
0.0006515878,0.00068819686,0.00067560404,0.0006768281,0.00065090094,0.0006868188,0.0007126974
0.0006513139,0.00068761426,0.00067518384,0.00067633996,0.00065023376,0.00068664696,0.00071207323
0.0006509719,0.0006872773,0.0006750175,0.00067584607,0.0006497393,0.00068620197,0.00071194593
0.0006502929,0.00068712496,0.00067419175,0.000675678,0.0006493838,0.0006857552,0.0007115691
0.000650012,0.00068684295,0.0006737655,0.00067520625,0.0006491536,0.0006854638,0.0007112269
0.0006491778,0.00068627746,0.00067337893,0.00067438855,0.00064860395,0.0006849066,0.000711058
0.0006483924,0.00068615994,0.00067292654,0.00067425455,0.0006479137,0.0006845771,0.0007106746
0.00064832956,0.0006855205,0.0006725948,0.0006735118,0.0006478779,0.0006840253,0.00071062526
0.00064729486,0.0006848095,0.0006720561,0.000673199,0.00064732594,0.00068323984,0.000710326
0.00064674346,0.00068406825,0.0006719696,0.00067281513,0.0006470102,0.00068285747,0.00071006984
0.0006461873,0.0006836442,0.00067139673,0.00067180407,0.00064667995,0.0006823651,0.00070975535
0.0006454361,0.0006832975,0.00067112915,0.00067142915,0.0006462182,0.00068163563,0.0007092
0.00064509356,0.00068297813,0.00067054597,0.0006713225,0.0006456192,0.0006811364,0.0007089943
0.00064439775,0.0006828253,0.00066979765,0.0006708757,0.00064496987,0.00068081054,0.0007083943
0.00064412365,0.0006817855,0.0006696845,0.000670693,0.0006447953,0.000680046,0.0007078412
0.000642494,0.00068137044,0.00066881144,0.00066984334,0.00064455357,0.00067988405,0.0007068128
0.00064239046,0.00068098085,0.00066869584,0.00066961435,0.0006443004,0.00067962916,0.0007065532
0.00064158184,0.0006802969,0.0006682542,0.0006689923,0.0006435074,0.00067930704,0.0007063865
0.0006410178,0.0006795572,0.00066798506,0.0006688609,0.0006429741,0.00067843514,0.00070571597
0.00064024696,0.0006790523,0.0006675075,0.0006682157,0.0006425415,0.00067816203,0.0007052667
0.00063966523,0.0006788263,0.0006672502,0.0006676448,0.0006424096,0.00067773444,0.0007051847
0.00063939893,0.0006780209,0.0006669134,0.0006674624,0.0006418668,0.0006771229,0.00070465874
0.0006390417,0.00067785796,0.000666353,0.0006671327,0.0006416129,0.000676914,0.00070431386
0.0006383492,0.0006776953,0.00066609547,0.0006665676,0.000640601,0.0006764746,0.00070379337
0.0006377921,0.0006767743,0.0006658319,0.00066622277,0.00064044923,0.00067609374,0.00070358615
0.0006374826,0.00067656615,0.0006652117,0.000665409,0.00064009626,0.00067551224,0.0007035221
0.0006371193,0.0006760879,0.000665124,0.00066536124,0.00063955056,0.00067498407,0.00070295774
0.000636153,0.0006753961,0.0006646964,0.00066450087,0.00063915335,0.0006746585,0.00070254604
0.0006359745,0.000675201,0.0006645119,0.00066440395,0.00063891866,0.0006738842,0.00070214586
0.0006354258,0.0006748062,0.0006638577,0.00066352525,0.0006382937,0.0006736415,0.0007017431
0.00063475256,0.0006746452,0.0006635062,0.0006633542,0.0006378593,0.0006733742,0.00070140645
0.00063432776,0.0006741481,0.00066315045,0.00066303124,0.0006377219,0.00067243294,0.0007012687
0.00063369866,0.0006738655,0.000662747,0.00066281174,0.0006368252,0.0006719645,0.0007009896
0.0006334604,0.00067319436,0.00066220976,0.0006621424,0.00063616206,0.0006716489,0.0007003852
0.0006329484,0.00067282113,0.0006617995,0.00066191895,0.0006360435,0.0006709711,0.0006998164
0.0006325731,0.0006722579,0.0006613833,0.00066147797,0.00063572824,0.00067077315,0.0006996642
0.0006322853,0.00067199057,0.0006608695,0.0006610158,0.00063531304,0.0006700974,0.0006992418
0.00063192094,0.000671473,0.00065983535,0.000660702,0.00063480774,0.0006698037,0.00069918006
0.00063069625,0.0006712575,0.0006596288,0.0006602214,0.0006346064,0.000669324,0.0006987542
0.00063054496,0.0006706108,0.00065943407,0.0006594925,0.00063420465,0.0006690347,0.00069863105
0.00063012406,0.0006703883,0.0006592431,0.00065924873,0.00063371327,0.00066841923,0.0006985394
0.0006300735,0.0006697681,0.0006586573,0.0006586349,0.0006332185,0.0006680372,0.0006981223
0.0006297516,0.0006695023,0.00065856107,0.00065843033,0.00063274684,0.00066775735,0.0006979982
0.0006294108,0.00066921086,0.0006577053,0.0006582892,0.0006324205,0.000667432,0.00069760595
0.00062806945,0.000668782,0.00065750943,0.0006578134,0.00063196314,0.00066687056,0.000696883
0.00062769913,0.00066818343,0.0006567251,0.0006573395,0.00063189305,0.0006665523,0.00069678796
0.0006273506,0.00066809036,0.00065651344,0.0006566312,0.0006313682,0.0006661186,0.0006963203
0.0006270275,0.0006676791,0.00065608375,0.0006563314,0.0006311064,0.00066543696,0.00069612445
0.00062698335,0.0006671363,0.0006557186,0.000656123,0.0006309277,0.00066530745,0.00069597707
0.00062648027,0.00066688063,0.0006555451,0.000655305,0.00063037174,0.0006649472,0.0006952947
0.00062559167,0.0006662359,0.0006553148,0.0006549903,0.00062993274,0.0006642484,0.0006950738
0.0006253261,0.0006656055,0.0006545953,0.0006542542,0.00062970404,0.00066412636,0.00069472054
0.00062454736,0.00066538143,0.0006542792,0.00065399404,0.00062902103,0.0006637566,0.0006944871
0.0006243905,0.0006648418,0.00065398286,0.0006535112,0.00062896963,0.0006629778,0.00069432723
0.0006232492,0.0006647146,0.0006534302,0.0006533749,0.00062832487,0.00066253176,0.0006941973
0.00062295573,0.0006641036,0.000652872,0.000652812,0.0006280362,0.0006620995,0.00069370004
0.0006228699,0.0006638141,0.0006526615,0.0006523204,0.00062782294,0.0006617772,0.0006935175
0.00062188023,0.0006636645,0.0006526038,0.0006522185,0.0006275391,0.0006613432,0.00069331075
0.0006215013,0.0006633448,0.0006521281,0.0006516157,0.00062689243,0.0006607743,0.00069274195
0.0006209674,0.00066268165,0.0006515716,0.0006514206,0.00062611233,0.00066014455,0.0006927146
0.00062066934,0.0006625695,0.0006512356,0.0006509138,0.0006256893,0.00066010247,0.0006925177
0.00062015915,0.0006619287,0.0006508814,0.00065046485,0.0006248048,0.00065887533,0.00069194596
0.0006195098,0.0006618003,0.0006504773,0.00064988364,0.0006246366,0.00065850175,0.00069155835
0.00061925687,0.00066163804,0.0006499639,0.0006497225,0.0006240315,0.00065808225,0.00069122354
0.0006189725,0.00066092855,0.0006497911,0.0006492415,0.00062387483,0.0006575163,0.000690696
0.00061849365,0.0006607194,0.00064934016,0.000648834,0.00062328036,0.0006574919,0.0006902821
0.00061814685,0.000659928,0.00064910814,0.00064830185,0.00062301406,0.0006565555,0.0006899318
0.0006173245,0.00065947656,0.00064891385,0.0006480232,0.0006228387,0.0006561524,0.0006891932
0.0006167109,0.00065912475,0.0006486665,0.00064764114,0.0006226427,0.00065554166,0.0006889554
0.0006164226,0.00065882434,0.0006482566,0.0006473276,0.0006220886,0.0006550461,0.0006889299
0.000615693,0.0006584199,0.0006479089,0.0006468837,0.0006213406,0.0006547237,0.0006885153
0.00061511376,0.00065803115,0.0006473061,0.0006467641,0.0006211366,0.0006542954,0.00068842416
0.00061493006,0.00065794983,0.00064672425,0.0006460817,0.000620678,0.0006537831,0.0006879936
0.0006141761,0.0006570891,0.0006465506,0.0006457075,0.0006205122,0.0006535095,0.0006877727
0.0006137768,0.0006569926,0.0006462423,0.0006452735,0.000620126,0.00065317197,0.00068735593
0.00061355636,0.0006567427,0.00064570236,0.0006450786,0.00061977,0.0006524922,0.00068715925
0.0006131851,0.0006559896,0.00064546877,0.0006445798,0.000619312,0.0006522527,0.0006869224
0.0006123825,0.0006553494,0.00064505124,0.00064416864,0.0006190346,0.00065136194,0.00068635866
0.000611533,0.0006551934,0.00064470596,0.00064392714,0.00061868073,0.00065086584,0.0006859124
0.00061134266,0.00065478066,0.00064414943,0.0006433462,0.00061808486,0.00065042457,0.000685783
0.00061097136,0.00065458874,0.00064390304,0.0006431688,0.0006179663,0.00065024855,0.0006848441
0.0006106223,0.0006541834,0.00064332143,0.0006428463,0.0006176873,0.00064986333,0.000684471
0.00061008154,0.0006539509,0.0006431887,0.0006423248,0.0006169936,0.00064967194,0.0006841369
0.0006098177,0.0006536625,0.0006426527,0.0006419897,0.00061671954,0.00064936053,0.0006839538
0.0006093772,0.0006528139,0.00064252736,0.0006414975,0.000616337,0.00064798346,0.000683574
0.0006085772,0.00065264903,0.0006418389,0.0006409763,0.00061571255,0.00064782816,0.0006830466
0.0006083938,0.00065229577,0.00064148346,0.00064017286,0.0006153469,0.000647526,0.000682615
0.0006080481,0.0006521266,0.00064123725,0.00063988945,0.00061477994,0.000647329,0.0006824994
0.0006075791,0.00065148284,0.00064114237,0.00063978654,0.0006144222,0.0006470233,0.00068226
0.0006071987,0.0006511672,0.0006404541,0.00063916086,0.00061430346,0.00064645824,0.00068221154
0.0006068449,0.00065099413,0.0006398898,0.00063853187,0.00061384734,0.0006460584,0.0006817123
0.00060607353,0.00065020093,0.00063967146,0.0006380139,0.0006135956,0.00064569653,0.000681106
0.0006048411,0.0006500044,0.0006393775,0.00063772977,0.0006133381,0.0006451374,0.000680918
0.0006045209,0.0006492499,0.00063890364,0.0006373882,0.00061318564,0.0006450049,0.000680162
0.00060406077,0.00064853026,0.00063863135,0.00063711905,0.0006125898,0.0006444544,0.0006797133
0.00060344744,0.0006482721,0.00063841284,0.0006366297,0.00061210146,0.00064417516,0.0006794122
0.00060324615,0.0006481149,0.00063794263,0.0006362455,0.000611712,0.00064371096,0.00067930866
0.0006023879,0.00064771617,0.0006376863,0.0006359721,0.00061144994,0.0006429378,0.00067845464
0.0006021052,0.0006470177,0.00063758297,0.00063576613,0.0006111088,0.00064282666,0.0006778041
0.00060112146,0.00064698944,0.00063698477,0.0006351384,0.0006107586,0.00064193434,0.00067754416
0.00060091063,0.00064642885,0.0006364272,0.0006346228,0.00061049557,0.00064150395,0.000677337
0.00060056994,0.00064635114,0.0006361366,0.00063419825,0.0006100993,0.0006411155,0.00067706633
0.000600178,0.0006458648,0.0006360773,0.0006339863,0.0006097003,0.00064081186,0.0006766887
0.00059972133,0.00064556405,0.00063531747,0.0006335047,0.00060920016,0.0006404729,0.00067636557
0.0005990693,0.0006450176,0.0006349838,0.0006330448,0.0006089801,0.0006402883,0.0006759603
0.00059902103,0.0006448633,0.0006345857,0.00063286786,0.0006086112,0.00063996046,0.0006755959
0.00059859734,0.0006441889,0.0006344039,0.00063234597,0.0006080845,0.00063953723,0.0006754163
0.0005984345,0.00064399437,0.0006341521,0.0006320713,0.00060761377,0.0006389671,0.0006747047
0.00059782417,0.0006435105,0.0006340503,0.0006319283,0.00060752995,0.0006379867,0.00067444623
0.0005974956,0.0006431388,0.0006332703,0.0006316867,0.00060685416,0.0006377927,0.0006741964
0.0005965986,0.000643064,0.0006329511,0.00063135277,0.0006066208,0.0006372107,0.00067385804
0.0005964396,0.000642639,0.00063261803,0.0006310155,0.00060639903,0.0006369989,0.0006734762
0.00059599744,0.00064158323,0.0006324894,0.0006309071,0.000605992,0.0006365145,0.0006729319
0.0005950822,0.0006412757,0.00063196156,0.0006306138,0.00060569687,0.00063586165,0.00067273976
0.0005948861,0.0006407558,0.0006316034,0.0006299964,0.00060537294,0.00063579367,0.0006718581
0.0005947424,0.00064059516,0.0006311133,0.0006296519,0.0006052198,0.0006356462,0.0006717395
0.0005943867,0.00064015994,0.00063090934,0.0006295293,0.0006049585,0.00063499634,0.0006716166
0.00059408083,0.0006400552,0.00063064514,0.00062902155,0.00060444005,0.00063412706,0.00067140517
0.0005937623,0.000639759,0.0006302536,0.0006285696,0.00060387386,0.00063358375,0.00067112385
0.0005931448,0.0006395444,0.00062996824,0.0006281145,0.0006037539,0.000633147,0.0006707021
0.00059257756,0.00063884124,0.000629426,0.0006277471,0.00060322403,0.0006329065,0.0006703432
0.0005919051,0.000638587,0.0006293499,0.00062762026,0.0006029339,0.00063213566,0.0006701736
0.00059158215,0.0006384041,0.0006285977,0.00062714715,0.00060280657,0.0006313567,0.00066980027
0.00059121125,0.0006378858,0.00062856654,0.00062680145,0.0006021735,0.00063110807,0.0006693768
0.0005907505,0.00063762063,0.0006282304,0.00062656624,0.00060171064,0.00063093205,0.00066896115
0.00059061014,0.0006372451,0.00062780443,0.00062655477,0.00060155964,0.0006306056,0.00066890253
0.0005902573,0.0006368974,0.00062774244,0.00062609697,0.00060120935,0.00063015975,0.0006685418
0.0005900255,0.0006367089,0.00062699156,0.0006251509,0.0006007575,0.0006296275,0.00066829013
0.0005898083,0.00063624006,0.0006267665,0.00062496884,0.0006006064,0.0006291236,0.0006681282
0.0005895728,0.00063569576,0.0006264975,0.00062440016,0.0006005,0.0006289136,0.00066770666
0.0005892363,0.0006352234,0.00062626455,0.0006242987,0.0006000998,0.00062865415,0.00066704734
0.0005886181,0.0006351236,0.0006262193,0.00062406895,0.0005996571,0.0006282559,0.0006664799
0.00058759487,0.00063505216,0.00062555465,0.0006237233,0.000599236,0.0006281442,0.0006662316
0.0005871003,0.0006345919,0.00062518707,0.0006230607,0.0005987416,0.0006276405,0.0006658524
0.0005868077,0.00063427974,0.00062482327,0.0006228874,0.0005982512,0.0006273763,0.00066572457
0.00058659154,0.0006336796,0.000624703,0.000622385,0.00059816986,0.0006271847,0.000665342
0.0005862854,0.00063339976,0.000624471,0.0006219132,0.0005980721,0.00062671764,0.000664858
0.00058577163,0.0006332963,0.0006243826,0.00062163133,0.00059767865,0.0006263234,0.0006644563
0.00058549666,0.000633021,0.00062366866,0.0006213388,0.00059754425,0.00062601885,0.00066439476
0.00058450556,0.00063269184,0.000623245,0.0006211149,0.0005972841,0.00062580506,0.0006638243
0.0005841908,0.00063210865,0.00062304037,0.0006207054,0.0005970951,0.00062527886,0.0006636158
0.0005838864,0.0006319633,0.0006225522,0.0006206115,0.0005968324,0.000624436,0.0006631644
0.00058362074,0.00063153036,0.00062229106,0.00061995,0.00059577404,0.00062423985,0.0006626457
0.0005829927,0.00063132594,0.00062205247,0.00061972725,0.00059547275,0.00062410964,0.0006623729
0.0005827749,0.0006310455,0.0006216573,0.000619615,0.0005953342,0.00062360964,0.00066223176
0.00058269076,0.0006306172,0.00062141713,0.00061926356,0.0005949434,0.0006235243,0.0006619709
0.0005821553,0.0006302694,0.00062074786,0.0006186634,0.00059458107,0.0006228804,0.00066172745
0.0005817085,0.00063001335,0.0006205404,0.000618238,0.0005942652,0.0006225791,0.000661464
0.00058125507,0.00062983076,0.0006203003,0.0006178983,0.000594149,0.0006221483,0.0006613577
0.0005808672,0.00062946876,0.0006200784,0.00061750703,0.0005935209,0.00062177563,0.0006609712
0.00058004365,0.0006291889,0.00061949296,0.0006173159,0.00059336313,0.0006216372,0.00066063873
0.0005798382,0.00062914914,0.00061943586,0.0006164883,0.00059308775,0.0006212772,0.00066020223
0.00057972927,0.0006288587,0.0006192175,0.00061632,0.0005927623,0.0006207482,0.0006599589
0.00057910057,0.00062822073,0.0006191345,0.00061618444,0.0005924429,0.00062043604,0.0006595503
0.0005788019,0.00062769017,0.00061865605,0.0006158248,0.00059222616,0.0006201681,0.0006589809
0.00057846494,0.00062720187,0.0006180966,0.0006151833,0.0005915469,0.0006199212,0.0006588266
0.0005778697,0.00062711874,0.0006175412,0.0006149137,0.00059152395,0.0006194594,0.0006585431
0.0005769577,0.00062690175,0.0006174309,0.0006143522,0.00059112423,0.0006191209,0.0006579999
0.0005764888,0.000626241,0.00061731186,0.0006140631,0.00059086195,0.0006190329,0.0006577026
0.0005762924,0.00062571437,0.0006168079,0.0006137215,0.0005905368,0.00061854057,0.00065741065
0.000575901,0.00062543654,0.0006165707,0.00061331,0.0005898217,0.00061820954,0.00065692666
0.00057556946,0.0006252327,0.0006164039,0.00061292213,0.0005896998,0.0006180025,0.0006567126
0.0005755168,0.0006250256,0.0006161148,0.00061277766,0.00058906636,0.0006173693,0.00065662427
0.0005749303,0.00062449236,0.0006160121,0.00061207113,0.0005887844,0.00061694684,0.0006563258
0.00057456474,0.0006242965,0.0006154902,0.00061185105,0.00058855215,0.00061675266,0.0006556688
0.0005740368,0.0006239651,0.00061523466,0.0006116881,0.00058835186,0.00061609107,0.000655512
0.0005739216,0.000623749,0.0006145973,0.00061154464,0.0005875369,0.00061598385,0.0006550957
0.0005735631,0.00062332116,0.00061406905,0.000611373,0.00058748014,0.0006154793,0.00065429683
0.00057329546,0.0006229653,0.00061387307,0.0006112289,0.00058724714,0.0006146729,0.0006536877
0.0005726819,0.00062233047,0.00061358017,0.00061031955,0.0005870401,0.00061437656,0.0006534844
0.00057219755,0.0006223109,0.0006131854,0.00061013945,0.00058664766,0.00061417057,0.0006532062
0.00057187927,0.00062175497,0.00061293214,0.0006098873,0.00058655895,0.00061385316,0.0006528404
0.0005716679,0.00062167516,0.00061285484,0.0006095918,0.00058644655,0.0006135242,0.0006526012
0.0005709857,0.0006212376,0.00061211496,0.0006093709,0.00058604986,0.0006128428,0.0006523405
0.0005706502,0.00062072306,0.00061203196,0.0006089385,0.0005852145,0.0006120463,0.00065231597
0.0005704965,0.00062041794,0.00061135675,0.00060860533,0.000585051,0.00061168906,0.0006519401
0.00057023606,0.00062008534,0.0006110736,0.00060814497,0.0005849029,0.00061130215,0.00065192033
0.00056970795,0.000619651,0.0006108304,0.00060781825,0.0005844454,0.00061082543,0.0006516131
0.0005694177,0.0006195576,0.00061040267,0.00060746644,0.00058406655,0.0006106166,0.00065128086
0.0005691976,0.00061931694,0.00061005296,0.00060708047,0.0005839043,0.0006104572,0.0006507907
0.00056858023,0.0006187645,0.0006096879,0.00060681446,0.00058370456,0.00060985645,0.00065042824
0.0005682686,0.0006186197,0.00060948584,0.0006064619,0.00058336236,0.00060972734,0.0006501299
0.0005677784,0.0006185299,0.00060912076,0.00060589635,0.00058282516,0.0006093989,0.0006498898
0.000567445,0.0006184025,0.0006087702,0.0006054689,0.00058227667,0.00060913636,0.0006497643
0.0005668933,0.0006178755,0.00060861534,0.00060509675,0.00058219617,0.0006087323,0.0006495489
0.0005665682,0.000617528,0.0006083953,0.00060484855,0.0005819432,0.00060846546,0.00064944953
0.00056641723,0.00061729277,0.0006080899,0.00060461205,0.00058177585,0.0006080747,0.00064866146
0.0005659698,0.00061705767,0.0006076182,0.0006041876,0.00058130495,0.0006079116,0.0006485883
0.00056579494,0.0006167937,0.00060727925,0.0006039764,0.0005809429,0.0006077155,0.00064798136
0.00056504185,0.0006165753,0.0006068965,0.0006037339,0.0005808101,0.00060711196,0.00064785825
0.0005647645,0.00061632635,0.0006065072,0.0006031843,0.00058034883,0.0006068342,0.000647583
0.00056453684,0.00061599375,0.0006062584,0.00060292496,0.0005800086,0.0006064685,0.0006471774
0.00056391314,0.0006155065,0.0006060334,0.0006028405,0.00057980866,0.00060595886,0.00064688793
0.00056359667,0.00061518507,0.0006057954,0.000602659,0.0005795369,0.0006058726,0.0006467997
0.0005628595,0.00061503536,0.0006051724,0.00060200586,0.00057921576,0.0006053523,0.0006463581
0.00056221854,0.0006147399,0.00060457253,0.0006019399,0.0005789828,0.0006048627,0.0006462301
0.00056203845,0.00061457785,0.0006043329,0.0006015521,0.00057852786,0.0006046095,0.00064616266
0.00056163874,0.00061415555,0.0006041286,0.0006009813,0.0005782833,0.000604454,0.0006458382
0.00056092074,0.0006136302,0.0006037051,0.0006006648,0.000578212,0.0006042675,0.00064574275
0.0005607693,0.00061327487,0.0006031146,0.0006004587,0.00057817606,0.0006039889,0.00064539973
0.00056023727,0.00061296794,0.00060289283,0.0006000997,0.00057777995,0.000603748,0.0006448586
0.00055954815,0.00061256246,0.00060268515,0.0005998229,0.00057745166,0.000602876,0.0006446684
0.0005591693,0.00061226974,0.00060243736,0.0005992388,0.00057710946,0.0006026586,0.0006443317
0.000558909,0.0006120772,0.00060210866,0.0005991105,0.0005768795,0.00060245744,0.000644072
0.0005585545,0.0006117815,0.0006017292,0.00059869804,0.00057632185,0.00060217583,0.0006439639
0.00055815745,0.00061158254,0.000601221,0.0005985293,0.00057609036,0.00060196035,0.0006433746
0.0005578627,0.00061102386,0.00060085586,0.0005982209,0.0005755614,0.00060187274,0.00064284826
0.0005574886,0.0006108401,0.0006007099,0.00059788214,0.00057525525,0.0006014085,0.00064265676
0.0005569284,0.00061050523,0.00060045236,0.0005975845,0.0005748412,0.00060120784,0.00064220285
0.0005568622,0.0006100281,0.0006001817,0.00059733336,0.0005745191,0.00060067815,0.0006421287
0.0005560229,0.0006098005,0.00059972325,0.00059717114,0.00057443505,0.0006004375,0.0006416243
0.00055579114,0.0006095535,0.00059950777,0.0005967725,0.00057426334,0.00060006365,0.00064121885
0.00055551296,0.00060948165,0.00059925386,0.0005962155,0.0005740371,0.00059973006,0.00064072886
0.00055489235,0.0006092247,0.000599068,0.00059595273,0.00057381904,0.0005996282,0.0006406868
0.0005547385,0.00060909847,0.0005983637,0.00059584616,0.0005734097,0.0005993586,0.000640262
0.00055414694,0.00060860044,0.0005981252,0.0005956205,0.00057295366,0.00059905427,0.0006402525
0.0005538472,0.0006081803,0.00059791043,0.0005951996,0.000572715,0.0005985674,0.00063998974
0.00055338966,0.0006075564,0.00059746124,0.00059502706,0.0005723718,0.0005981756,0.000639643
0.00055308914,0.0006073415,0.0005973209,0.0005949756,0.0005718916,0.0005979637,0.0006392786
0.0005526906,0.00060708274,0.00059690204,0.00059440697,0.00057174097,0.0005977089,0.00063904637
0.00055219146,0.0006069179,0.00059673813,0.0005940598,0.000571462,0.00059751194,0.0006389305
0.0005518725,0.0006068808,0.00059604703,0.00059371145,0.00057125895,0.0005967491,0.00063874514
0.0005516006,0.00060641294,0.00059570395,0.0005933197,0.0005709757,0.000596665,0.0006383548
0.0005511449,0.0006063068,0.0005955073,0.0005928723,0.0005708496,0.0005963331,0.00063807634
0.0005509234,0.0006060923,0.00059504836,0.00059284375,0.0005704514,0.0005958852,0.0006378708
0.00055060314,0.000605877,0.00059449236,0.0005925854,0.000569945,0.00059557793,0.00063771347
0.0005503862,0.0006053732,0.0005943426,0.00059221353,0.0005696456,0.0005953315,0.0006370467
0.0005500673,0.0006051672,0.00059400685,0.0005916499,0.00056935824,0.00059524016,0.0006369339
0.0005496552,0.0006049875,0.0005938584,0.0005914886,0.0005690729,0.0005949052,0.0006365286
0.00054924196,0.00060423126,0.0005936481,0.0005911638,0.0005688233,0.00059473945,0.00063648296
0.0005490012,0.0006040417,0.0005935217,0.0005908406,0.00056853873,0.00059421046,0.0006363386
0.00054819294,0.0006038926,0.0005930279,0.0005906196,0.0005683314,0.0005937387,0.0006357749
0.0005480479,0.00060338504,0.0005928342,0.0005903951,0.0005680064,0.0005933124,0.00063556543
0.00054783677,0.0006031552,0.0005925151,0.0005898464,0.00056716555,0.0005931799,0.00063530495
0.0005472212,0.00060293946,0.00059211213,0.00058949564,0.0005670154,0.0005930397,0.00063496095
0.000546647,0.00060249574,0.00059184723,0.00058911176,0.0005667052,0.00059260294,0.0006347662
0.00054657075,0.0006023571,0.00059142313,0.00058886147,0.00056645647,0.00059220695,0.0006342467
0.0005460565,0.0006022073,0.0005906722,0.0005886387,0.00056624354,0.00059196283,0.00063403015
0.00054519146,0.0006018391,0.00059044606,0.0005882685,0.00056614465,0.0005913597,0.00063373905
0.0005450633,0.0006013902,0.00059037685,0.00058806024,0.0005654539,0.00059114303,0.0006335401
0.0005445055,0.000601233,0.00058985816,0.0005873528,0.0005652936,0.00059055607,0.0006331403
0.00054419384,0.00060103054,0.0005894037,0.00058719335,0.00056507776,0.0005903575,0.0006326284
0.00054366695,0.00060060306,0.0005891057,0.000586738,0.00056469237,0.0005901085,0.00063223415
0.0005435234,0.000600284,0.0005887331,0.0005864374,0.0005646508,0.00058975816,0.0006320752
0.0005432239,0.0006001089,0.0005884542,0.00058628625,0.00056441315,0.0005894961,0.0006319844
0.0005429352,0.00060001184,0.00058831106,0.00058585027,0.00056418224,0.000589197,0.00063160504
0.0005423641,0.0005996397,0.0005877199,0.00058548135,0.0005637842,0.000589047,0.00063127367
0.0005419356,0.0005992452,0.0005874962,0.00058490556,0.00056346,0.0005885687,0.00063103775
0.0005416049,0.0005990055,0.0005874447,0.0005848288,0.0005633518,0.0005882619,0.0006307506
0.00054102635,0.00059855904,0.00058716175,0.0005844335,0.00056325016,0.000588164,0.000630418
0.0005408244,0.00059843867,0.00058686483,0.0005841407,0.00056287774,0.0005878891,0.00063011626
0.0005404166,0.0005982805,0.00058662024,0.0005839354,0.0005626258,0.00058751216,0.0006297455
0.00054028095,0.00059813244,0.0005862751,0.00058365136,0.0005623644,0.0005872422,0.00062949315
0.0005397813,0.00059774437,0.00058606133,0.000583434,0.0005620517,0.0005869536,0.0006292284
0.0005394837,0.0005973511,0.00058600935,0.00058317237,0.0005616798,0.000586682,0.00062885106
0.0005390348,0.0005972322,0.0005856426,0.0005829561,0.0005612032,0.00058616215,0.00062836
0.00053847913,0.0005968718,0.0005854403,0.0005826574,0.0005610922,0.00058573403,0.00062820676
0.00053835043,0.0005965388,0.00058503536,0.0005822627,0.00056059565,0.0005854554,0.0006277196
0.00053808757,0.00059634604,0.00058431044,0.0005820418,0.0005601649,0.00058483746,0.00062738487
0.00053769356,0.00059587753,0.0005841222,0.00058196444,0.00055988255,0.0005846839,0.0006270083
0.0005373399,0.0005956109,0.0005835705,0.00058141805,0.0005596511,0.00058415986,0.0006262269
0.00053711626,0.000595518,0.0005833083,0.0005809459,0.00055949274,0.0005837208,0.0006261496
0.0005367586,0.00059532945,0.0005828162,0.00058066373,0.0005591029,0.0005834576,0.00062590494
0.0005362395,0.0005951201,0.0005827478,0.0005802078,0.00055906887,0.00058331824,0.0006257057
0.0005360341,0.00059480267,0.00058248534,0.00057991495,0.0005588565,0.00058302016,0.00062553963
0.00053550507,0.0005941824,0.00058218476,0.00057952217,0.0005587374,0.0005828359,0.00062492513
0.0005352053,0.0005939382,0.0005820011,0.00057931826,0.00055863324,0.0005824806,0.00062464445
0.0005347399,0.0005937329,0.0005816846,0.0005788777,0.00055816304,0.0005819906,0.0006245114
0.0005346766,0.0005936278,0.0005813021,0.0005787596,0.0005577835,0.0005816817,0.00062402355
0.0005340965,0.00059331,0.00058116036,0.00057858013,0.0005574784,0.00058141653,0.0006236038
0.0005339831,0.0005929326,0.0005805891,0.00057811727,0.00055710826,0.0005811425,0.00062337
0.00053360494,0.00059274066,0.0005802837,0.0005779261,0.0005568817,0.0005806489,0.00062328787
0.000533424,0.00059247034,0.0005797237,0.0005775719,0.00055670924,0.0005803595,0.0006230937
0.0005330288,0.00059202826,0.0005796952,0.00057717797,0.00055618945,0.00058005244,0.00062299246
0.0005323212,0.00059178576,0.00057937455,0.00057709345,0.0005561264,0.00057981955,0.00062270457
0.0005322176,0.00059165835,0.00057913235,0.000576654,0.00055588625,0.0005795429,0.00062214135
0.00053168944,0.00059115177,0.0005788228,0.00057617616,0.0005556041,0.000579262,0.0006218234
0.00053126854,0.00059099775,0.0005785627,0.000575892,0.00055513455,0.0005789677,0.00062162743
0.0005310431,0.00059057993,0.00057850895,0.00057572086,0.00055502274,0.000578693,0.0006212271
0.000530898,0.00059034943,0.0005780419,0.00057565165,0.0005544917,0.00057856296,0.0006211466
0.0005305824,0.0005898857,0.0005778834,0.00057533354,0.00055419665,0.00057803706,0.0006211106
0.0005303863,0.00058963033,0.0005775057,0.00057510094,0.00055376755,0.00057793135,0.00062059565
0.0005300089,0.0005894848,0.00057734526,0.00057484134,0.0005534948,0.00057729083,0.00062048726
0.0005293065,0.0005891413,0.00057680625,0.00057457405,0.0005530345,0.00057717884,0.00062002026
0.0005290555,0.0005889404,0.00057654653,0.0005744136,0.0005529029,0.00057688926,0.0006198259
0.0005285154,0.00058848714,0.00057633314,0.0005741024,0.0005527783,0.0005767244,0.0006194361
0.0005283978,0.00058794586,0.0005760238,0.00057371,0.00055272167,0.00057644595,0.0006192452
0.0005282176,0.00058778387,0.00057580153,0.0005734154,0.0005523914,0.0005760719,0.0006190342
0.00052800286,0.0005875366,0.00057541806,0.0005728728,0.0005519338,0.00057591463,0.00061895733
0.0005276618,0.00058718224,0.0005750338,0.00057260017,0.00055160985,0.00057537714,0.0006185266
0.00052723027,0.0005869057,0.0005747872,0.0005724931,0.0005514023,0.0005750982,0.0006181301
0.00052665686,0.0005865333,0.00057450094,0.0005720222,0.00055110554,0.0005748258,0.0006178969
0.0005264666,0.0005865038,0.00057429133,0.00057188707,0.00055087253,0.00057444087,0.0006175813
0.0005260597,0.0005862776,0.0005740461,0.00057174306,0.0005506053,0.0005739878,0.00061733613
0.00052582973,0.0005858011,0.00057327835,0.00057133264,0.0005503581,0.00057376,0.0006171621
0.0005251763,0.0005856271,0.00057288073,0.0005712179,0.00054988015,0.00057347247,0.00061670144
0.00052506634,0.0005853045,0.00057263166,0.0005709221,0.00054954906,0.00056730874,0.00061649614
0.0005245245,0.00057680375,0.0005725165,0.00056841463,0.0005492412,0.00050635496,0.0006105983
0.0005243398,0.00049368397,0.00054272125,0.0005600088,0.00052447984,0.00039681818,0.0004892624
0.0004990101,0.0003324471,0.00035485302,0.00050570606,0.0003982207,0.00026355835,0.00028351767
0.00021202111,0.000109183726,0.00013676591,0.00018694035,0.00014272473,8.697736e-5,9.3422816e-5
